"","group","series","group.series","stage","stage_all_ed","age_days","PlantID.2","N","Mean.height","Mean.postdry","Mean.root","Mean.nod","Mean.cp.rhizos","Mean.cp.rhizop","SD.height","SD.postdry","SD.root","SD.nod","SD.cp.rhizos","SD.cp.rhizop","ymin.height","ymax.height","ymin.postdry","ymax.postdry","SE.postdry.low","SE.postdry.high","SE.root.low","SE.root.high","SE.nod.low","SE.nod.high","SE.cp.rhizos.low","SE.cp.rhizos.high","SE.cp.rhizop.low","SE.cp.rhizop.high","category"
"1","Control","growth","Control_growth","R1","R1","26","Control_growth_R1",5,26.4,2.226,363.4698,153.2,4.5919389346,5.1870309566,4.19642705167146,0.291941775016869,26.0465797451412,41.9189694529815,1.56973045170907,5.30077792617481,22.2035729483285,30.5964270516715,1.93405822498313,2.51794177501687,2.09543966911807,2.35656033088193,351.821415421699,375.118184578301,134.453266951279,171.946733048721,3.88993413532542,5.29394373387458,2.81645100128855,7.55761091191145,"Reproductive"
"2","Control","growth","Control_growth","R4","R4","37","Control_growth_R4",5,29.68,5.74,399.8572,128.8,2.4062009774,9.343001468,6.49899992306509,0.929327713995445,40.6867945694915,32.2986067810982,1.24744297899774,12.4731569047242,23.1810000769349,36.1789999230651,4.81067228600456,6.66932771399544,5.32439201162634,6.15560798837366,381.66151231121,418.05288768879,114.355623931786,143.244376068214,1.84832751758124,2.96407443721876,3.76483612140316,14.9211668145968,"Reproductive"
"3","Control","growth","Control_growth","R7","R7","54","Control_growth_R7",5,27.8,11.242,364.05344,67.6,4.9192739684,5.55788946,3.01579177000004,1.20412623922909,57.1703736477907,14.2232204510793,3.10105532604321,3.50640478932163,24.78420823,30.81579177,10.0378737607709,12.4461262392291,10.7034983751185,11.7805016248815,338.486071644896,389.620808355105,61.2391824424843,73.9608175575157,3.53243986619592,6.30610807060408,3.9897775668892,7.1260013531108,"Reproductive"
"4","Control","growth","Control_growth","V1","V1","10","Control_growth_V1",5,11.02,0.476,194.9542,6.8,1.4981407764,1.86536539,1.14760620423558,0.0531977443130815,12.789147444611,3.03315017762062,1.24718587227753,2.35193959106949,9.87239379576442,12.1676062042356,0.422802255686918,0.529197744313082,0.452209245493259,0.499790754506741,189.234719387916,200.673680612084,5.44353400337495,8.15646599662505,0.940382298202013,2.05589925459799,0.813546029079111,2.91718475092089,"Vegetative"
"5","Control","growth","Control_growth","V2","V2","14","Control_growth_V2",5,11.34,0.854,307.35744,13,4.55306379,4.0182556022,2.27771815640127,0.161027947884832,29.1076073604135,9.9247166206396,1.61761939898371,2.37062089027889,9.06228184359873,13.6177181564013,0.692972052115168,1.01502794788483,0.781986112450445,0.926013887549555,294.340122255948,320.374757744052,8.56153179576557,17.4384682042344,3.82964240243002,5.27648517756998,2.95808171029107,5.07842949410893,"Vegetative"
"6","Control","growth","Control_growth","V3","V3","19","Control_growth_V3",5,16.52,1.576,357.6872,45.2,3.9825016792,5.065857389,2.60038458694094,0.356833294410709,40.8133023552371,14.4810220633766,2.69912770436447,2.98299853130432,13.9196154130591,19.1203845869409,1.21916670558929,1.93283329441071,1.41641929941249,1.73558070058751,339.434936309488,375.939463690512,38.7238900565231,51.6761099434769,2.77541507381762,5.18958828458238,3.7318198904443,6.3998948875557,"Vegetative"
"7","Control","growth","Control_growth","V4","V4","25","Control_growth_V4",5,25.84,2.098,338.82476,113.4,3.5506512634,4.574028678,3.46525612329017,0.322443793551682,30.6337088983362,32.4083322619354,1.43141001666845,0.954701392261613,22.3747438767098,29.3052561232902,1.77555620644832,2.42044379355168,1.95379875173911,2.24220124826089,325.124948900076,352.524571099924,98.9065532049826,127.893446795017,2.91050524321105,4.19079728358895,4.14707323573787,5.00098412026213,"Vegetative"
"8","Control","time","Control_time","day14","V2","14","Control_time_day14",5,11.56,0.71,324.75732,31.4,4.2341815468,6.313774826,1.04067285925982,0.162326830807479,32.9558152084272,8.90505474435727,0.517982198181853,4.74763101992047,10.5193271407402,12.6006728592598,0.547673169192521,0.872326830807479,0.637405234348474,0.782594765651526,310.019031388007,339.495608611993,27.417538449652,35.382461550348,4.00253286554612,4.46583022805388,4.19056968747423,8.43697996452577,"Vegetative"
"9","Control","time","Control_time","day21","V3","21","Control_time_day21",5,17.98,1.59,329.7824,122.4,4.3812177418,4.9148359222,1.86735106501161,0.306675724503913,22.6593437085014,35.4795715870415,2.98370158268372,5.32421424795456,16.1126489349884,19.8473510650116,1.28332427549609,1.89667572450391,1.45285044659205,1.72714955340795,319.648833428452,339.915966571548,106.533053223761,138.266946776239,3.0468658291091,5.7155696544909,2.53377492516014,7.29589691923986,"Vegetative"
"10","Control","time","Control_time","day3","VE","3","Control_time_day3",5,0,NA,71.01308,0,4.5026424118,2.411933469,0,NA,12.1555258221107,0,2.73461423095057,2.62983367892394,0,0,NA,NA,NA,NA,65.5769635919013,76.4491964080987,0,0,3.27968574927124,5.72559907432876,1.23583609388154,3.58803084411845,"Vegetative"
"11","Control","time","Control_time","day35","R3","35","Control_time_day35",5,31.3,4.928,351.5306,181,3.7856627536,2.5312511956,3.05532322349044,0.781901528326937,14.5268222189163,25.1197133741609,2.57932884021604,1.48998511915656,28.2446767765096,34.3553232234904,4.14609847167306,5.70990152832694,4.57832300619,5.27767699381,345.03400760429,358.02719239571,169.766122664013,192.233877335987,2.63215182899025,4.93917367820975,1.86490959322056,3.19759279797944,"Reproductive"
"12","Control","time","Control_time","day49","R6","49","Control_time_day49",5,32.36,9.95,341.67648,84.8,3.8860013852,11.686948491,2.07436737344184,1.3045114027865,53.9223064073858,16.4833249073116,2.24023428902058,4.76171634130835,30.2856326265582,34.4343673734418,8.6454885972135,11.2545114027865,9.36660476518916,10.5333952348108,317.561691473903,365.791268526097,77.4284330024071,92.1715669975928,2.88413815404481,4.88786461635519,9.55744420525259,13.8164527767474,"Reproductive"
"13","Control","time","Control_time","day63","RH","63","Control_time_day63",5,31.56,12.038,340.48872,82.8,4.4608924622,2.0899892778,1.2401612798342,0.879670392817673,23.6099551772552,15.5627761019684,3.6099061478131,2.62827995947802,30.3198387201658,32.8001612798342,11.1583296071823,12.9176703928177,11.6445994407731,12.4314005592269,329.930027055587,351.047412944413,75.8401149434779,89.7598850565221,2.8464933544191,6.0752915699809,0.914586747141353,3.26539180845865,"Reproductive"
"14","Control","time","Control_time","day7","VC","7","Control_time_day7",5,8.16,0.444,149.78364,1.8,6.0212587174,1.8160169278,0.702139587261678,0.0296647939483827,14.6650861288981,2.68328157299975,3.45601792475527,0.95475844714996,7.45786041273832,8.86213958726168,0.414335206051617,0.473664793948383,0.430733500838578,0.457266499161422,143.225214103979,156.342065896021,0.6,3,4.47568051515789,7.56683691964211,1.38903596981611,2.24299788578389,"Vegetative"
"15","Zeb","growth","Zeb_growth","R1","R1","37","Zeb_growth_R1",5,18.66,1.07,317.88116,88.2,2.9456376208,3.3588223346,11.5906427776893,0.631545722810313,39.6828686970587,32.104516816174,0.958705144076597,1.96777835562218,7.06935722231075,30.2506427776893,0.438454277189688,1.70154572281031,0.78756416657938,1.35243583342062,300.134441610236,335.627878389764,73.84242360285,102.55757639715,2.5168916462932,3.3743835953068,2.47880510103521,4.23883956816479,"Reproductive"
"16","Zeb","growth","Zeb_growth","R4","R4","55","Zeb_growth_R4",5,20.42,6.34,330.50172,136.8,3.225360736,4.3039917418,4.14813210975735,1.06355535822072,32.5731156967214,27.4718037267304,1.9084799487776,1.78145951777038,16.2718678902426,24.5681321097574,5.27644464177928,7.40355535822072,5.86436358423687,6.81563641576313,315.934579812633,345.068860187367,124.5142358805,149.0857641195,2.37186255616759,4.07885891583241,3.50729882562029,5.10068465797971,"Reproductive"
"17","Zeb","growth","Zeb_growth","R7","R7","75","Zeb_growth_R7",5,21.26,9.574,289.43868,80.4,4.0127496082,9.6525760438,4.8407644024472,2.67829796699322,31.2317091663585,18.729655629509,1.10268713205371,7.10875662395286,16.4192355975528,26.1007644024472,6.89570203300678,12.2522979669932,8.37622873636074,10.7717712636393,275.471435050104,303.405924949896,72.0238433634512,88.7761566365488,3.51961293116272,4.50588628523728,6.4734434344679,12.8317086531321,"Reproductive"
"18","Zeb","growth","Zeb_growth","V1","V1","20","Zeb_growth_V1",5,8.06,0.528,134.22936,9.2,5.2913501168,3.579156762,1.24217551094843,0.0855569985448297,7.72767103259449,4.65832587954085,2.67001044976062,1.09587700973621,6.81782448905157,9.30217551094843,0.44244300145517,0.61355699854483,0.489737747060582,0.566262252939418,130.773440452673,137.685279547327,7.11673333440003,11.2832666656,4.0972851435401,6.4854150900599,3.08906566425013,4.06924785974987,"Vegetative"
"19","Zeb","growth","Zeb_growth","V2","V2","24","Zeb_growth_V2",5,8.6,0.502,142.38768,16.2,4.6110365632,2.8022879956,0.836660026534075,0.103537432844358,16.0732708336542,4.7116875957559,2.63456143168149,1.42036192573625,7.76333997346592,9.43666002653407,0.398462567155642,0.605537432844358,0.455696652388839,0.548303347611161,135.199494759037,149.575865240963,14.0928692494295,18.3071307505705,3.4328248727722,5.7892482536278,2.16708283188025,3.43749315931975,"Vegetative"
"20","Zeb","growth","Zeb_growth","V3","V3","25","Zeb_growth_V3",5,10.98,0.736,148.47305,15.5,2.8461779332,2.0496763004,0.653452370108182,0.0808084154033477,14.4425887110541,6.65832811847939,1.32483046866939,0.766884409675813,10.3265476298918,11.6334523701082,0.655191584596652,0.816808415403348,0.699861378000815,0.772138621999185,142.014127974202,154.931972025798,12.5223051421164,18.4776948578836,2.25369573587847,3.43866013052153,1.70671516621602,2.39263743458398,"Vegetative"
"21","Zeb","growth","Zeb_growth","V4","V4","32","Zeb_growth_V4",5,13.3,0.766,314.77084,46.4,2.9730663252,3.8622417394,4.04722126896961,0.326082811567859,69.3777452720107,7.63544366752843,0.998407520077704,1.89340938290556,9.25277873103039,17.3472212689696,0.439917188432141,1.09208281156786,0.620171333408002,0.911828666591998,283.744169089224,345.797510910776,42.9853257842072,49.8146742157928,2.52656490837185,3.41956774202815,3.01548332151745,4.70900015728255,"Vegetative"
"22","Zeb","time","Zeb_time","day14","VC","14","Zeb_time_day14",5,4.72,0.484,88.32756,0,2.5457828172,1.6043197908,0.311448230047949,0.0391152144312159,15.2857220885374,0,1.62304266042628,1.29175873080556,4.40855176995205,5.03144823004795,0.444884785568784,0.523115214431216,0.466507144315464,0.501492855684536,81.4915772649721,95.163542735028,0,0,1.81993607338095,3.27162956101905,1.02662772427798,2.18201185732202,"Vegetative"
"23","Zeb","time","Zeb_time","day21","V1","21","Zeb_time_day21",5,6.14,0.476,129.3168,9.4,4.7435613086,1.7123483506,2.15708136146971,0.066558245169175,28.8869922882255,6.98569967862919,6.79567771741172,1.36877441737015,3.98291863853029,8.29708136146971,0.409441754830825,0.542558245169175,0.446234247867726,0.505765752132274,116.398144315603,142.235455684397,6.27590012963734,12.5240998703627,1.70444184273736,7.78268077446264,1.10021382197953,2.32448287922047,"Vegetative"
"24","Zeb","time","Zeb_time","day3","Pre_emergence","3","Zeb_time_day3",5,0,NA,42.2892,0,2.3876322504,1.2912590386,0,NA,8.78575396309275,0,0.530870399489226,0.992120467361301,0,0,NA,NA,NA,NA,38.3600913809873,46.2183086190127,0,0,2.15021979029992,2.62504471050008,0.847569277222254,1.73494879997775,"Vegetative"
"25","Zeb","time","Zeb_time","day35","V3","35","Zeb_time_day35",5,16.2,1.182,293.89,38,3.5965750912,5.4448595664,4.13823633931171,0.441440822761103,20.381326738954,11,1.20550084211412,3.53155613580736,12.0617636606883,20.3382363393117,0.740559177238896,1.6234408227611,0.984581662452547,1.37941833754745,284.775193588013,303.004806411987,33.0806504495005,42.9193495504995,3.05745872521992,4.13569145718008,3.86549964919565,7.02421948360435,"Vegetative"
"26","Zeb","time","Zeb_time","day49","R2","49","Zeb_time_day49",5,19.82,3.3,279.87824,109.8,2.13947853,3.821674745,4.63217011777417,1.11218253897461,20.0220196710522,37.4459610639118,1.42612142293273,2.58288205781398,15.1878298822258,24.4521701177742,2.18781746102539,4.41218253897461,2.80261684789289,3.79738315210711,270.924120593738,288.832359406262,93.0536571156566,126.546342884343,1.50169764083074,2.77725941916926,2.66657477317268,4.97677471682732,"Reproductive"
"27","Zeb","time","Zeb_time","day63","R5","63","Zeb_time_day63",5,19.98,6.468,265.12932,111.2,7.3233086786,7.001574942,3.74926659494894,1.36171582938585,27.0124435860957,23.8474317275467,8.12157080789908,5.57779027613457,16.2307334050511,23.7292665949489,5.10628417061415,7.82971582938585,5.85902216789115,7.07697783210885,253.048987980622,277.209652019378,100.535104313684,121.864895686316,3.69123179649196,10.955385560708,4.50711129766516,9.49603858633484,"Reproductive"
"28","Zeb","time","Zeb_time","day7","VE","7","Zeb_time_day7",5,1.42,0.532,64.9308,0,1.4679139126,3.134741786,0.449444101084885,0.0756306816047562,14.8645928534891,0,1.0845482206994,3.21783471097696,0.970555898915115,1.86944410108488,0.456369318395244,0.607630681604756,0.498176930949425,0.565823069050576,58.2831519843482,71.5784480156519,0,0,0.982889203327939,1.95293862187206,1.69568235517943,4.57380121682057,"Vegetative"
