group,series,group.series,stage,stage_all,stage_all_ed,age_days,plant_rep,date,PlantID,PlantID.2,height,predry_w_env,postdry_w_env,envelope,predry,postdry,mean_root_length_mm,nodule,rhizos_cp_num,rhizop_cp_num
Control,time,Control_time,day7,VC,VC,7,1,12-Aug,Control_time_day7_1,Control_time_day7,9.1,4.59,2.95,2.5,2.09,0.45,132.5594,0,2.219750001,3.091051211
Control,time,Control_time,day7,VC,VC,7,2,12-Aug,Control_time_day7_2,Control_time_day7,7.8,4.58,2.93,2.5,2.08,0.43,137.315,3,3.439863953,2.01575229
Control,time,Control_time,day7,VC,VC,7,3,12-Aug,Control_time_day7_3,Control_time_day7,8,4.55,2.94,2.5,2.05,0.44,167.7994,0,5.728021545,0.541016068
Control,time,Control_time,day7,VC,VC,7,4,12-Aug,Control_time_day7_4,Control_time_day7,7.3,4.78,2.91,2.5,2.28,0.41,152.8498,6,10.82386943,2.125441193
Control,time,Control_time,day7,VC,VC,7,5,12-Aug,Control_time_day7_5,Control_time_day7,8.6,4.89,2.99,2.5,2.39,0.49,158.3946,0,7.894788658,1.306823877
Zeb,time,Zeb_time,day7,Emerged,VE,7,1,12-Aug,Zeb_time_day7_1,Zeb_time_day7,2,3.75,2.95,2.5,1.25,0.45,58.998,0,2.508241363,3.4656362
Zeb,time,Zeb_time,day7,Emerged,VE,7,2,12-Aug,Zeb_time_day7_2,Zeb_time_day7,1,3.88,3.05,2.5,1.38,0.55,67.339,0,0.206645861,2.44403224
Zeb,time,Zeb_time,day7,Emerged,VE,7,3,12-Aug,Zeb_time_day7_3,Zeb_time_day7,1.1,4.31,3.14,2.5,1.81,0.64,58.747,0,2.0531916,8.41045742
Zeb,time,Zeb_time,day7,Emerged,VE,7,4,12-Aug,Zeb_time_day7_4,Zeb_time_day7,1.2,3.85,3.05,2.5,1.35,0.55,50.324,0,0.384917877,1.35319962
Zeb,time,Zeb_time,day7,Emerged,VE,7,5,12-Aug,Zeb_time_day7_5,Zeb_time_day7,1.8,3.95,2.97,2.5,1.45,0.47,89.246,0,2.186572862,0.00038345
Control,time,Control_time,day14,V1_V2,V2,14,1,19-Aug,Control_time_day14_1,Control_time_day14,11.9,20.01,17.09,16.27,3.74,0.82,319.5848,21,4.221326754,11.98135469
Control,time,Control_time,day14,V1_V2,V2,14,2,19-Aug,Control_time_day14_2,Control_time_day14,11.8,20,16.86,16.27,3.73,0.59,324.73,28,4.244550692,0.619925942
Control,time,Control_time,day14,V1_V2,V2,14,3,19-Aug,Control_time_day14_3,Control_time_day14,13,20.21,17.2,16.27,3.94,0.93,296.0166,34,3.913637439,7.058305787
Control,time,Control_time,day14,V1_V2,V2,14,4,19-Aug,Control_time_day14_4,Control_time_day14,10.4,19.69,16.94,16.27,3.42,0.67,379.9086,45,3.718191137,2.432829826
Control,time,Control_time,day14,V1_V2,V2,14,5,19-Aug,Control_time_day14_5,Control_time_day14,10.7,20.01,16.81,16.27,3.74,0.54,303.5466,29,5.073201712,9.476457885
Zeb,time,Zeb_time,day14,VC,VC,14,1,19-Aug,Zeb_time_day14_1,Zeb_time_day14,4.8,4.04,3,2.5,1.54,0.5,88.848,0,1.753255822,1.163369571
Zeb,time,Zeb_time,day14,VC,VC,14,2,19-Aug,Zeb_time_day14_2,Zeb_time_day14,5,4.21,2.96,2.5,1.71,0.46,64.83,0,2.972170111,1.482192823
Zeb,time,Zeb_time,day14,VC,VC,14,3,19-Aug,Zeb_time_day14_3,Zeb_time_day14,4.7,4.26,2.93,2.5,1.76,0.43,99.8628,0,1.357465746,3.829797506
Zeb,time,Zeb_time,day14,VC,VC,14,4,19-Aug,Zeb_time_day14_4,Zeb_time_day14,4.9,4.09,3,2.5,1.59,0.5,84.465,0,1.437951608,0.517510877
Zeb,time,Zeb_time,day14,VC,VC,14,5,19-Aug,Zeb_time_day14_5,Zeb_time_day14,4.2,4.14,3.03,2.5,1.64,0.53,103.632,0,5.208070799,1.028728177
Control,growth,Control_growth,V1,V1,V1,10,1,15-Aug,Control_growth_V1_1,Control_growth_V1,9.5,NA,2.96,2.5,NA,0.46,188.612,9,0.006048379,5.9930109
Control,growth,Control_growth,V1,V1,V1,10,2,15-Aug,Control_growth_V1_2,Control_growth_V1,10.7,NA,2.94,2.5,NA,0.44,196.4624,11,0.850209848,0.87879052
Control,growth,Control_growth,V1,V1,V1,10,3,15-Aug,Control_growth_V1_3,Control_growth_V1,12.4,NA,3.07,2.5,NA,0.57,179.4598,5,2.625777682,0.76610445
Control,growth,Control_growth,V1,V1,V1,10,4,15-Aug,Control_growth_V1_4,Control_growth_V1,10.6,NA,2.95,2.5,NA,0.45,196.034,5,1.057838327,1.48587456
Control,growth,Control_growth,V1,V1,V1,10,5,15-Aug,Control_growth_V1_5,Control_growth_V1,11.9,NA,2.96,2.5,NA,0.46,214.2028,4,2.950829646,0.20304652
Control,growth,Control_growth,V2,V2,V2,14,1,19-Aug,Control_growth_V2_1,Control_growth_V2,13.9,21.15,17.39,16.27,4.88,1.12,347.8642,15,3.304883777,1.91266335
Control,growth,Control_growth,V2,V2,V2,14,2,19-Aug,Control_growth_V2_2,Control_growth_V2,9.1,20,17.09,16.27,3.73,0.82,320.8354,27,7.168204419,5.700395312
Control,growth,Control_growth,V2,V2,V2,14,3,19-Aug,Control_growth_V2_3,Control_growth_V2,13.7,21.07,17.14,16.27,4.8,0.87,272.5864,5,3.116111261,2.143231563
Control,growth,Control_growth,V2,V2,V2,14,4,19-Aug,Control_growth_V2_4,Control_growth_V2,10.1,19.95,16.98,16.27,3.68,0.71,288.4514,16,4.623936069,7.295761785
Control,growth,Control_growth,V2,V2,V2,14,5,19-Aug,Control_growth_V2_5,Control_growth_V2,9.9,20.11,17.02,16.27,3.84,0.75,307.0498,2,4.552183424,3.039226001
Control,growth,Control_growth,V3,V3,V3,19,1,24-Aug,Control_growth_V3_1,Control_growth_V3,16.6,22.11,17.92,16.27,5.84,1.65,362.3582,31,7.687761944,6.569888217
Control,growth,Control_growth,V3,V3,V3,19,2,24-Aug,Control_growth_V3_2,Control_growth_V3,14.3,20.66,17.75,16.27,4.39,1.48,337.6472,37,5.940434973,0.502124077
Control,growth,Control_growth,V3,V3,V3,19,3,24-Aug,Control_growth_V3_3,Control_growth_V3,20.3,23.24,18.42,16.27,6.97,2.15,401.1738,40,2.863854624,4.735300418
Control,growth,Control_growth,V3,V3,V3,19,4,24-Aug,Control_growth_V3_4,Control_growth_V3,17.5,21.65,17.65,16.27,5.38,1.38,388.0868,68,1.731232595,4.937919238
Control,growth,Control_growth,V3,V3,V3,19,5,24-Aug,Control_growth_V3_5,Control_growth_V3,13.9,19.94,17.49,16.27,3.67,1.22,299.17,50,1.68922426,8.584054995
Zeb,growth,Zeb_growth,V1,V1,V1,20,1,25-Aug,Zeb_growth_V1_1,Zeb_growth_V1,7.8,5.4,3.11,2.5,2.9,0.61,121.4734,3,3.70077816,5.005757974
Zeb,growth,Zeb_growth,V1,V1,V1,20,2,25-Aug,Zeb_growth_V1_2,Zeb_growth_V1,6.7,5.46,3.08,2.5,2.96,0.58,138.2404,6,5.73488488,2.992738148
Zeb,growth,Zeb_growth,V1,V1,V1,20,3,25-Aug,Zeb_growth_V1_3,Zeb_growth_V1,10.1,4.97,3.01,2.5,2.47,0.51,141.6312,13,8.92835858,3.909091411
Zeb,growth,Zeb_growth,V1,V1,V1,20,4,25-Aug,Zeb_growth_V1_4,Zeb_growth_V1,7.9,4.14,2.89,2.5,1.64,0.39,133.4218,10,6.221378499,3.897221556
Zeb,growth,Zeb_growth,V1,V1,V1,20,5,25-Aug,Zeb_growth_V1_5,Zeb_growth_V1,7.8,5.14,3.05,2.5,2.64,0.55,136.38,14,1.871350465,2.090974721
Control,time,Control_time,day21,V3,V3,21,1,26-Aug,Control_time_day21_1,Control_time_day21,14.9,22.26,17.56,16.27,5.99,1.29,307.6316,95,1.376765931,3.447011224
Control,time,Control_time,day21,V3,V3,21,2,26-Aug,Control_time_day21_2,Control_time_day21,18.9,24.75,18.07,16.27,8.48,1.8,331.1122,135,8.162395307,1.090634823
Control,time,Control_time,day21,V3,V3,21,3,26-Aug,Control_time_day21_3,Control_time_day21,17.6,23.51,17.62,16.27,7.24,1.35,357.1808,126,6.952200747,2.129496558
Control,time,Control_time,day21,V3,V3,21,4,26-Aug,Control_time_day21_4,Control_time_day21,19.6,24.39,17.77,16.27,8.12,1.5,346.3564,83,2.897541558,3.651161636
Control,time,Control_time,day21,V3,V3,21,5,26-Aug,Control_time_day21_5,Control_time_day21,18.9,24.36,18.28,16.27,8.09,2.01,306.631,173,2.517185166,14.25587537
Zeb,time,Zeb_time,day21,VC_V1,V1,21,1,26-Aug,Zeb_time_day21_1,Zeb_time_day21,6.2,4.31,2.92,2.5,1.81,0.42,126.883,8,0.836758311,2.48730993
Zeb,time,Zeb_time,day21,VC_V1,V1,21,2,26-Aug,Zeb_time_day21_2,Zeb_time_day21,9.5,5.48,3.04,2.5,2.98,0.54,173.5074,20,2.113576003,0.758624917
Zeb,time,Zeb_time,day21,VC_V1,V1,21,3,26-Aug,Zeb_time_day21_3,Zeb_time_day21,6.5,4.31,2.89,2.5,1.81,0.39,135.8676,12,1.083193496,0.010532197
Zeb,time,Zeb_time,day21,VC_V1,V1,21,4,26-Aug,Zeb_time_day21_4,Zeb_time_day21,4.4,4.45,3.01,2.5,1.95,0.51,95.9604,2,2.872357403,1.840370544
Zeb,time,Zeb_time,day21,VC_V1,V1,21,5,26-Aug,Zeb_time_day21_5,Zeb_time_day21,4.1,4.15,3.02,2.5,1.65,0.52,114.3656,5,16.81192133,3.464904165
Zeb,growth,Zeb_growth,V2,V2,V2,24,1,29-Aug,Zeb_growth_V2_1,Zeb_growth_V2,8.3,5.07,3.03,2.5,2.57,0.53,136.077,18,8.501333526,1.975477791
Zeb,growth,Zeb_growth,V2,V2,V2,24,2,29-Aug,Zeb_growth_V2_2,Zeb_growth_V2,8.1,5.26,3.11,2.5,2.76,0.61,149.9432,18,3.665712113,4.327591949
Zeb,growth,Zeb_growth,V2,V2,V2,24,3,29-Aug,Zeb_growth_V2_3,Zeb_growth_V2,7.9,5.17,2.95,2.5,2.67,0.45,134.5428,13,1.595802878,1.245747901
Zeb,growth,Zeb_growth,V2,V2,V2,24,4,29-Aug,Zeb_growth_V2_4,Zeb_growth_V2,8.7,5.51,3.07,2.5,3.01,0.57,166.3416,22,3.496927296,2.166274572
Zeb,growth,Zeb_growth,V2,V2,V2,24,5,29-Aug,Zeb_growth_V2_5,Zeb_growth_V2,10,4.86,2.85,2.5,2.36,0.35,125.0338,10,5.795407003,4.296347765
Zeb,growth,Zeb_growth,V3,V3,V3,25,1,30-Aug,Zeb_growth_V3_1,Zeb_growth_V3,11.6,6.43,3.21,2.5,3.93,0.71,155.8778,10,2.268002492,3.223562931
Zeb,growth,Zeb_growth,V3,V3,V3,25,2,30-Aug,Zeb_growth_V3_2,Zeb_growth_V3,11.5,6.59,3.3,2.5,4.09,0.8,137.5748,15,4.625240596,2.127964842
Zeb,growth,Zeb_growth,V3,V3,V3,25,3,30-Aug,Zeb_growth_V3_3,Zeb_growth_V3,10.5,6.19,3.34,2.5,3.69,0.84,135.2856,12,3.52297873,1.130379488
Zeb,growth,Zeb_growth,V3,V3,V3,25,4,30-Aug,Zeb_growth_V3_4,Zeb_growth_V3,10.1,5.92,3.18,2.5,3.42,0.68,165.154,25,2.713695139,1.699121337
Zeb,growth,Zeb_growth,V3,V3,V3,25,5,30-Aug,Zeb_growth_V3_5,Zeb_growth_V3,11.2,5.71,3.15,2.5,3.21,0.65,NA,NA,1.100972709,2.067352904
Control,growth,Control_growth,V4,V4,V4,25,1,30-Aug,Control_growth_V4_1,Control_growth_V4,27.1,27.57,18.39,16.27,11.3,2.12,339.8628,61,5.520005443,3.94753484
Control,growth,Control_growth,V4,V4,V4,25,2,30-Aug,Control_growth_V4_2,Control_growth_V4,26.1,26.24,18.16,16.27,9.97,1.89,351.4264,103,2.185406167,3.7659475
Control,growth,Control_growth,V4,V4,V4,25,3,30-Aug,Control_growth_V4_3,Control_growth_V4,20.3,25.85,18.17,16.27,9.58,1.9,302.4786,132,3.225108737,4.30298307
Control,growth,Control_growth,V4,V4,V4,25,4,30-Aug,Control_growth_V4_4,Control_growth_V4,25.9,27.48,18.2,16.27,11.21,1.93,381.919,139,4.485777331,6.15905914
Control,growth,Control_growth,V4,V4,V4,25,5,30-Aug,Control_growth_V4_5,Control_growth_V4,29.8,31.11,18.92,16.27,14.84,2.65,318.437,132,2.336958639,4.69461884
Control,growth,Control_growth,R1,R1,R1,26,1,31-Aug,Control_growth_R1_1,Control_growth_R1,22.9,28.81,18.34,16.27,12.54,2.07,362.6678,111,5.175749014,2.653851662
Control,growth,Control_growth,R1,R1,R1,26,2,31-Aug,Control_growth_R1_2,Control_growth_R1,26.7,28.23,18.37,16.27,11.96,2.1,395.2996,105,3.79210086,14.33637321
Control,growth,Control_growth,R1,R1,R1,26,3,31-Aug,Control_growth_R1_3,Control_growth_R1,21.7,26.59,18.18,16.27,10.32,1.91,375.1654,173,3.53418812,1.186313925
Control,growth,Control_growth,R1,R1,R1,26,4,31-Aug,Control_growth_R1_4,Control_growth_R1,28.8,30.59,18.9,16.27,14.32,2.63,360.1426,184,7.092366184,5.070842721
Control,growth,Control_growth,R1,R1,R1,26,5,31-Aug,Control_growth_R1_5,Control_growth_R1,31.9,30.11,18.69,16.27,13.84,2.42,324.0736,193,3.365290495,2.687773265
Zeb,growth,Zeb_growth,V4,V4,V4,32,1,06-Sep,Zeb_growth_V4_1,Zeb_growth_V4,9.6,12.52,9.54,8.88,3.64,0.66,218.0406,36,2.544562706,5.780395379
Zeb,growth,Zeb_growth,V4,V4,V4,32,2,06-Sep,Zeb_growth_V4_2,Zeb_growth_V4,19.2,13.55,9.83,8.88,4.67,0.95,282.3138,54,2.043014016,4.069835976
Zeb,growth,Zeb_growth,V4,V4,V4,32,3,06-Sep,Zeb_growth_V4_3,Zeb_growth_V4,15.1,12.32,9.33,8.88,3.44,0.45,311.3312,49,3.780339971,5.523607753
Zeb,growth,Zeb_growth,V4,V4,V4,32,4,06-Sep,Zeb_growth_V4_4,Zeb_growth_V4,9.6,12.62,9.41,8.88,3.74,0.53,385.3332,52,2.215505928,1.382879889
Zeb,growth,Zeb_growth,V4,V4,V4,32,5,06-Sep,Zeb_growth_V4_5,Zeb_growth_V4,13,15.43,10.12,8.88,6.55,1.24,376.8354,41,4.281909005,2.5544897
Control,time,Control_time,day35,R3,R3,35,1,09-Sep,Control_time_day35_1,Control_time_day35,34.4,53.91,22.19,16.27,37.64,5.92,360.9102,189,1.345252704,2.229994842
Control,time,Control_time,day35,R3,R3,35,2,09-Sep,Control_time_day35_2,Control_time_day35,28.1,43.31,21.17,16.27,27.04,4.9,338.0888,150,5.276166433,0.6002115
Control,time,Control_time,day35,R3,R3,35,3,09-Sep,Control_time_day35_3,Control_time_day35,33.9,37.2,20.25,16.27,20.93,3.98,335.3542,178,4.772096288,3.242116331
Control,time,Control_time,day35,R3,R3,35,4,09-Sep,Control_time_day35_4,Control_time_day35,28.1,43.98,20.66,16.27,27.71,4.39,369.0316,170,6.722126604,4.595394378
Control,time,Control_time,day35,R3,R3,35,5,09-Sep,Control_time_day35_5,Control_time_day35,32,49.2,21.72,16.27,32.93,5.45,354.2682,218,0.812671739,1.988538927
Zeb,time,Zeb_time,day35,V3,V3,35,1,09-Sep,Zeb_time_day35_1,Zeb_time_day35,20.5,21.96,17.26,16.27,5.69,0.99,292.947,51,4.716622546,3.209422688
Zeb,time,Zeb_time,day35,V3,V3,35,2,09-Sep,Zeb_time_day35_2,Zeb_time_day35,11.8,21.59,17.16,16.27,5.32,0.89,315.8758,38,4.584378053,3.310491391
Zeb,time,Zeb_time,day35,V3,V3,35,3,09-Sep,Zeb_time_day35_3,Zeb_time_day35,20.7,22.87,17.75,16.27,6.6,1.48,284.595,21,3.863815498,2.144287335
Zeb,time,Zeb_time,day35,V3,V3,35,4,09-Sep,Zeb_time_day35_4,Zeb_time_day35,13.4,24.01,18.07,16.27,7.74,1.8,265.4116,43,1.821355244,9.388971376
Zeb,time,Zeb_time,day35,V3,V3,35,5,09-Sep,Zeb_time_day35_5,Zeb_time_day35,14.6,19.97,17.02,16.27,3.7,0.75,310.6206,37,2.996704115,9.171125042
Control,growth,Control_growth,R4,R4,R4,37,1,11-Sep,Control_growth_R4_1,Control_growth_R4,21.4,59.84,22.09,16.27,43.57,5.82,416.9614,117,0.367127286,31.4684236
Control,growth,Control_growth,R4,R4,R4,37,2,11-Sep,Control_growth_R4_2,Control_growth_R4,25.1,53.66,21.35,16.27,37.39,5.08,378.3216,121,3.492072272,2.5301158
Control,growth,Control_growth,R4,R4,R4,37,3,11-Sep,Control_growth_R4_3,Control_growth_R4,30.8,58.02,21.42,16.27,41.75,5.15,384.9692,95,2.422355587,4.64167527
Control,growth,Control_growth,R4,R4,R4,37,4,11-Sep,Control_growth_R4_4,Control_growth_R4,33.4,58.66,21.6,16.27,42.39,5.33,357.2816,129,3.348131518,2.0414633
Control,growth,Control_growth,R4,R4,R4,37,5,11-Sep,Control_growth_R4_5,Control_growth_R4,37.7,68.28,23.59,16.27,52.01,7.32,461.7522,182,2.401318224,6.03332937
Zeb,growth,Zeb_growth,R1,R1,R1,37,1,11-Sep,Zeb_growth_R1_1,Zeb_growth_R1,9.8,20.32,16.52,16.27,4.05,0.25,283.3274,43,3.372891912,0.654695832
Zeb,growth,Zeb_growth,R1,R1,R1,37,2,11-Sep,Zeb_growth_R1_2,Zeb_growth_R1,22.2,24.56,17.46,16.27,8.29,1.19,305.1724,83,3.112998501,1.919158847
Zeb,growth,Zeb_growth,R1,R1,R1,37,3,11-Sep,Zeb_growth_R1_3,Zeb_growth_R1,11.9,22.13,16.88,16.27,5.86,0.61,348.5146,111,1.910605314,4.358666804
Zeb,growth,Zeb_growth,R1,R1,R1,37,4,11-Sep,Zeb_growth_R1_4,Zeb_growth_R1,37.5,27.37,18.03,16.27,11.1,1.76,370.166,126,2.09401812,4.646374767
Zeb,growth,Zeb_growth,R1,R1,R1,37,5,11-Sep,Zeb_growth_R1_5,Zeb_growth_R1,11.9,24.19,17.81,16.27,7.92,1.54,282.2254,78,4.237674257,5.215215423
Control,time,Control_time,day49,R6,R6,49,1,23-Sep,Control_time_day49_1,Control_time_day49,32.5,54.55,26.12,16.27,38.28,9.85,339.2784,89,3.34417907,10.26947463
Control,time,Control_time,day49,R6,R6,49,2,23-Sep,Control_time_day49_2,Control_time_day49,33,51.59,24.86,16.27,35.32,8.59,345.5132,82,4.838243981,14.31434372
Control,time,Control_time,day49,R6,R6,49,3,23-Sep,Control_time_day49_3,Control_time_day49,30.1,63.76,27.29,16.27,47.49,11.02,284.8934,62,1.814862446,3.937368935
Control,time,Control_time,day49,R6,R6,49,4,23-Sep,Control_time_day49_4,Control_time_day49,35.4,47.77,25.05,16.27,31.5,8.78,310.8074,83,7.285957138,14.54217879
Control,time,Control_time,day49,R6,R6,49,5,23-Sep,Control_time_day49_5,Control_time_day49,30.8,64.68,27.78,16.27,48.41,11.51,427.89,108,2.146764291,15.37137638
Zeb,time,Zeb_time,day49,R2,R2,49,1,23-Sep,Zeb_time_day49_1,Zeb_time_day49,13.4,30.33,19.55,16.27,14.06,3.28,271.8406,86,3.51696756,1.443601146
Zeb,time,Zeb_time,day49,R2,R2,49,2,23-Sep,Zeb_time_day49_2,Zeb_time_day49,18.3,27.58,18.87,16.27,11.31,2.6,282.8304,62,3.77585905,2.182758953
Zeb,time,Zeb_time,day49,R2,R2,49,3,23-Sep,Zeb_time_day49_3,Zeb_time_day49,24.4,28.32,18.98,16.27,12.05,2.71,265.716,141,0.53916648,2.64326284
Zeb,time,Zeb_time,day49,R2,R2,49,4,23-Sep,Zeb_time_day49_4,Zeb_time_day49,24.3,37.2,21.5,16.27,20.93,5.23,313.4228,152,1.43200786,5.104254115
Zeb,time,Zeb_time,day49,R2,R2,49,5,23-Sep,Zeb_time_day49_5,Zeb_time_day49,18.7,27.55,18.95,16.27,11.28,2.68,265.5814,108,1.4333917,7.734496671
Control,growth,Control_growth,R7,R7,R7,54,1,28-Sep,Control_growth_R7_1,Control_growth_R7,28.2,32.16,28.55,16.27,15.89,12.28,451.266,91,5.091769277,9.707758736
Control,growth,Control_growth,R7,R7,R7,54,2,28-Sep,Control_growth_R7_2,Control_growth_R7,28.9,42.15,28.67,16.27,25.88,12.4,366.2214,59,10.23828673,8.111996463
Control,growth,Control_growth,R7,R7,R7,54,3,28-Sep,Control_growth_R7_3,Control_growth_R7,32,52.15,27.83,16.27,35.88,11.56,377.0424,68,3.287354131,0.839797112
Control,growth,Control_growth,R7,R7,R7,54,4,28-Sep,Control_growth_R7_4,Control_growth_R7,24.2,51.38,26.01,16.27,35.11,9.74,307.6434,66,3.118227924,3.789590255
Control,growth,Control_growth,R7,R7,R7,54,5,28-Sep,Control_growth_R7_5,Control_growth_R7,25.7,34.76,26.5,16.27,18.49,10.23,318.094,54,2.86073178,5.340304734
Zeb,growth,Zeb_growth,R4,R4,R4,55,1,29-Sep,Zeb_growth_R4_1,Zeb_growth_R4,25,45.72,21.73,16.27,29.45,5.46,325.872,122,2.8678805,2.865547544
Zeb,growth,Zeb_growth,R4,R4,R4,55,2,29-Sep,Zeb_growth_R4_2,Zeb_growth_R4,13.9,55.41,22.42,16.27,39.14,6.15,329.9944,151,4.75697237,4.053568869
Zeb,growth,Zeb_growth,R4,R4,R4,55,3,29-Sep,Zeb_growth_R4_3,Zeb_growth_R4,19.5,53.28,21.65,16.27,37.01,5.38,362.4848,174,0.34275586,3.028179509
Zeb,growth,Zeb_growth,R4,R4,R4,55,4,29-Sep,Zeb_growth_R4_4,Zeb_growth_R4,22.3,53.2,23.02,16.27,36.93,6.75,279.402,102,5.15818564,4.279646259
Zeb,growth,Zeb_growth,R4,R4,R4,55,5,29-Sep,Zeb_growth_R4_5,Zeb_growth_R4,21.4,59.32,24.23,16.27,43.05,7.96,354.7554,135,3.00100931,7.293016528
Control,time,Control_time,day63,RH,RH,63,1,07-Oct,Control_time_day63_1,Control_time_day63,31.5,36.61,28.26,16.27,20.34,11.99,340.2164,65,2.336879107,6.256252674
Control,time,Control_time,day63,RH,RH,63,2,07-Oct,Control_time_day63_2,Control_time_day63,33,34.21,27.25,16.27,17.94,10.98,320.7176,105,5.165075001,0.000949181
Control,time,Control_time,day63,RH,RH,63,3,07-Oct,Control_time_day63_3,Control_time_day63,32.5,40.15,29.61,16.27,23.88,13.34,315.3884,74,3.338884685,2.978693659
Control,time,Control_time,day63,RH,RH,63,4,07-Oct,Control_time_day63_4,Control_time_day63,29.9,40.98,28.57,16.27,24.71,12.3,353.3204,79,1.115048248,1.207618473
Control,time,Control_time,day63,RH,RH,63,5,07-Oct,Control_time_day63_5,Control_time_day63,30.9,40.14,27.85,16.27,23.87,11.58,372.8008,91,10.34857527,0.006432402
Zeb,time,Zeb_time,day63,R5,R5,63,1,07-Oct,Zeb_time_day63_1,Zeb_time_day63,14.7,52.03,22.99,16.27,35.76,6.72,263.412,148,1.925923373,3.07974414
Zeb,time,Zeb_time,day63,R5,R5,63,2,07-Oct,Zeb_time_day63_2,Zeb_time_day63,24.6,39.77,21.7,16.27,23.5,5.43,242.1238,86,8.262965136,16.5872555
Zeb,time,Zeb_time,day63,R5,R5,63,3,07-Oct,Zeb_time_day63_3,Zeb_time_day63,22.1,58.94,24.99,16.27,42.67,8.72,299.752,95,21.06477385,3.58754149
Zeb,time,Zeb_time,day63,R5,R5,63,4,07-Oct,Zeb_time_day63_4,Zeb_time_day63,20.1,42.07,21.75,16.27,25.8,5.48,284.041,111,3.656935786,4.65304762
Zeb,time,Zeb_time,day63,R5,R5,63,5,07-Oct,Zeb_time_day63_5,Zeb_time_day63,18.4,41.63,22.26,16.27,25.36,5.99,236.3178,116,1.705945248,7.10028596
Zeb,growth,Zeb_growth,R7,R7,R7,75,1,19-Oct,Zeb_growth_R7_1,Zeb_growth_R7,20.3,30.01,26.03,16.27,13.74,9.76,298.7466,73,2.437454083,0.262969874
Zeb,growth,Zeb_growth,R7,R7,R7,75,2,19-Oct,Zeb_growth_R7_2,Zeb_growth_R7,14.8,28.38,22.53,16.27,12.11,6.26,288.6898,95,3.590170103,18.47726036
Zeb,growth,Zeb_growth,R7,R7,R7,75,3,19-Oct,Zeb_growth_R7_3,Zeb_growth_R7,22.3,27.99,26.05,16.27,11.72,9.78,287.942,61,3.925211937,14.03158721
Zeb,growth,Zeb_growth,R7,R7,R7,75,4,19-Oct,Zeb_growth_R7_4,Zeb_growth_R7,20.6,31.87,29.89,16.27,15.6,13.62,329.4236,68,5.158921661,9.941954413
Zeb,growth,Zeb_growth,R7,R7,R7,75,5,19-Oct,Zeb_growth_R7_5,Zeb_growth_R7,28.3,27.38,24.72,16.27,11.11,8.45,242.3914,105,4.951990257,5.549108362
Control,time,Control_time,day3,Emerged,VE,3,1,08-Aug,Control_time_day3_1,Control_time_day3,0,NA,NA,NA,NA,NA,75.3514,0,2.100691138,2.548443847
Control,time,Control_time,day3,Emerged,VE,3,2,08-Aug,Control_time_day3_2,Control_time_day3,0,NA,NA,NA,NA,NA,72.2196,0,2.841657235,0.800489004
Control,time,Control_time,day3,Emerged,VE,3,3,08-Aug,Control_time_day3_3,Control_time_day3,0,NA,NA,NA,NA,NA,66.091,0,8.346097005,0.105483058
Control,time,Control_time,day3,Emerged,VE,3,4,08-Aug,Control_time_day3_4,Control_time_day3,0,NA,NA,NA,NA,NA,87.2294,0,2.797446849,6.810569548
Control,time,Control_time,day3,Emerged,VE,3,5,08-Aug,Control_time_day3_5,Control_time_day3,0,NA,NA,NA,NA,NA,54.174,0,6.427319832,1.794681888
Zeb,time,Zeb_time,day3,Pre_Emergence,Pre_emergence,3,1,08-Aug,Zeb_time_day3_1,Zeb_time_day3,0,NA,NA,NA,NA,NA,42.467,0,3.129833087,0.183701048
Zeb,time,Zeb_time,day3,Pre_Emergence,Pre_emergence,3,2,08-Aug,Zeb_time_day3_2,Zeb_time_day3,0,NA,NA,NA,NA,NA,54.412,0,2.664263126,0.500955098
Zeb,time,Zeb_time,day3,Pre_Emergence,Pre_emergence,3,3,08-Aug,Zeb_time_day3_3,Zeb_time_day3,0,NA,NA,NA,NA,NA,29.574,0,2.273013548,2.413017735
Zeb,time,Zeb_time,day3,Pre_Emergence,Pre_emergence,3,4,08-Aug,Zeb_time_day3_4,Zeb_time_day3,0,NA,NA,NA,NA,NA,42.526,0,2.132970384,2.192358596
Zeb,time,Zeb_time,day3,Pre_Emergence,Pre_emergence,3,5,08-Aug,Zeb_time_day3_5,Zeb_time_day3,0,NA,NA,NA,NA,NA,42.467,0,1.738081107,1.166262716