;SampleID;treatment;series;group;stage;stage_all;stage_all_ed;age_days;group_stage;timepoint;plant_rep;harvest_date;PlantID;height;predry_w_env;postdry_w_env;envelope;predry;postdry;compartment;compartment_code;RP_extr_number;RS_extr_number;pellet_date;extr_date;extr_group;sample_type;control_type;experiment;growthstage_qualitative;growthstage_numeric;growthstage_aggregate;growthstage_aggregate_categorical;growthstage_aggregate_categorical2;compartment_time;trt_growthstageag;Replicate;extr_number
RP_132;RP_132;Control;time;Control_time;day14;V1_V2;V1;14;Control_time_day14;3;4;19-Aug;Control_time_day14_4;10.4;19.69;16.94;16.27;3.42;0.67;rhizoplane;RP;132;NA;05/04/2023;05/11/2023;7;sample;0;rhizo_assembly;vegetative;5;2;early_vegetative;14;rhizoplane_time;Control_early_vegetative;4;132
RP_4;RP_4;Control;time;Control_time;day14;V1_V2;V1;14;Control_time_day14;3;2;19-Aug;Control_time_day14_2;11.8;20;16.86;16.27;3.73;0.59;rhizoplane;RP;4;NA;04/12/2023;05/08/2023;1;sample;0;rhizo_assembly;vegetative;5;2;early_vegetative;14;rhizoplane_time;Control_early_vegetative;2;4
RP_91;RP_91;Control;time;Control_time;day14;V1_V2;V1;14;Control_time_day14;3;5;19/08/2026;Control_time_day14_5;10.7;20.01;16.81;16.27;3.74;0.54;rhizoplane;RP;91;NA;4/15/23;05/10/2023;5;sample;0;rhizo_assembly;vegetative;5;2;early_vegetative;14;rhizoplane_time;Control_early_vegetative;5;91
RS_152;RS_152;Control;time;Control_time;day14;V1_V2;V1;14;Control_time_day14;3;2;19-Aug;Control_time_day14_2;11.8;20;16.86;16.27;3.73;0.59;rhizosphere;RS;NA;152;NA;5/13/23;8;sample;0;rhizo_assembly;vegetative;5;2;early_vegetative;14;rhizosphere_time;Control_early_vegetative;2;152
RS_177;RS_177;Control;time;Control_time;day14;V1_V2;V1;14;Control_time_day14;3;1;19-Aug;Control_time_day14_1;11.9;20.01;17.09;16.27;3.74;0.82;rhizosphere;RS;NA;177;NA;5/13/23;9;sample;0;rhizo_assembly;vegetative;5;2;early_vegetative;14;rhizosphere_time;Control_early_vegetative;1;177
RS_178;RS_178;Control;time;Control_time;day14;V1_V2;V1;14;Control_time_day14;3;3;19-Aug;Control_time_day14_3;13;20.21;17.2;16.27;3.94;0.93;rhizosphere;RS;NA;178;NA;5/13/23;9;sample;0;rhizo_assembly;vegetative;5;2;early_vegetative;14;rhizosphere_time;Control_early_vegetative;3;178
RS_239;RS_239;Control;time;Control_time;day14;V1_V2;V1;14;Control_time_day14;3;5;19-Aug;Control_time_day14_5;10.7;20.01;16.81;16.27;3.74;0.54;rhizosphere;RS;NA;239;NA;5/15/23;12;sample;0;rhizo_assembly;vegetative;5;2;early_vegetative;14;rhizosphere_time;Control_early_vegetative;5;239
RS_280;RS_280;Control;time;Control_time;day14;V1_V2;V1;14;Control_time_day14;3;4;19-Aug;Control_time_day14_4;10.4;19.69;16.94;16.27;3.42;0.67;rhizosphere;RS;NA;280;NA;5/15/23;14;sample;0;rhizo_assembly;vegetative;5;2;early_vegetative;14;rhizosphere_time;Control_early_vegetative;4;280
RP_120;RP_120;Zeb;time;Zeb_time;day14;VC;VC;14;Zeb_time_day14;3;3;19-Aug;Zeb_time_day14_3;4.7;4.26;2.93;2.5;1.76;0.43;rhizoplane;RP;120;NA;05/04/2023;05/11/2023;6;sample;0;rhizo_assembly;vegetative;3;1;seedling;14;rhizoplane_time;Zeb_seedling;3;120
RP_37;RP_37;Zeb;time;Zeb_time;day14;VC;VC;14;Zeb_time_day14;3;5;19-Aug;Zeb_time_day14_5;4.2;4.14;3.03;2.5;1.64;0.53;rhizoplane;RP;37;NA;4/13/23;05/09/2023;2;sample;0;rhizo_assembly;vegetative;3;1;seedling;14;rhizoplane_time;Zeb_seedling;5;37
RS_185;RS_185;Zeb;time;Zeb_time;day14;VC;VC;14;Zeb_time_day14;3;5;19-Aug;Zeb_time_day14_5;4.2;4.14;3.03;2.5;1.64;0.53;rhizosphere;RS;NA;185;NA;5/13/23;9;sample;0;rhizo_assembly;vegetative;3;1;seedling;14;rhizosphere_time;Zeb_seedling;5;185
RS_226;RS_226;Zeb;time;Zeb_time;day14;VC;VC;14;Zeb_time_day14;3;1;19-Aug;Zeb_time_day14_1;4.8;4.04;3;2.5;1.54;0.5;rhizosphere;RS;NA;226;NA;5/13/23;11;sample;0;rhizo_assembly;vegetative;3;1;seedling;14;rhizosphere_time;Zeb_seedling;1;226
RS_227;RS_227;Zeb;time;Zeb_time;day14;VC;VC;14;Zeb_time_day14;3;2;19-Aug;Zeb_time_day14_2;5;4.21;2.96;2.5;1.71;0.46;rhizosphere;RS;NA;227;NA;5/13/23;11;sample;0;rhizo_assembly;vegetative;3;1;seedling;14;rhizosphere_time;Zeb_seedling;2;227
RS_268;RS_268;Zeb;time;Zeb_time;day14;VC;VC;14;Zeb_time_day14;3;3;19-Aug;Zeb_time_day14_3;4.7;4.26;2.93;2.5;1.76;0.43;rhizosphere;RS;NA;268;NA;5/15/23;13;sample;0;rhizo_assembly;vegetative;3;1;seedling;14;rhizosphere_time;Zeb_seedling;3;268
RS_291;RS_291;Zeb;time;Zeb_time;day14;VC;VC;14;Zeb_time_day14;3;4;19-Aug;Zeb_time_day14_4;4.9;4.09;3;2.5;1.59;0.5;rhizosphere;RS;NA;291;NA;5/15/23;14;sample;0;rhizo_assembly;vegetative;3;1;seedling;14;rhizosphere_time;Zeb_seedling;4;291
RP_110;RP_110;Control;time;Control_time;day21;V3;V3;21;Control_time_day21;4;1;26-Aug;Control_time_day21_1;14.9;22.26;17.56;16.27;5.99;1.29;rhizoplane;RP;110;NA;05/04/2023;05/11/2023;6;sample;0;rhizo_assembly;vegetative;8;3;late_vegetative;21;rhizoplane_time;Control_late_vegetative;1;110
RP_48;RP_48;Control;time;Control_time;day21;V3;V3;21;Control_time_day21;4;5;26-Aug;Control_time_day21_5;18.9;24.36;18.28;16.27;8.09;2.01;rhizoplane;RP;48;NA;4/13/23;05/09/2023;3;sample;0;rhizo_assembly;vegetative;8;3;late_vegetative;21;rhizoplane_time;Control_late_vegetative;5;48
RP_92;RP_92;Control;time;Control_time;day21;V3;V3;21;Control_time_day21;4;3;26/08/2026;Control_time_day21_3;17.6;23.51;17.62;16.27;7.24;1.35;rhizoplane;RP;92;NA;4/15/23;05/10/2023;5;sample;0;rhizo_assembly;vegetative;8;3;late_vegetative;21;rhizoplane_time;Control_late_vegetative;3;92
RP_93;RP_93;Control;time;Control_time;day21;V3;V3;21;Control_time_day21;4;4;26-Aug;Control_time_day21_4;19.6;24.39;17.77;16.27;8.12;1.5;rhizoplane;RP;93;NA;4/15/23;05/10/2023;5;sample;0;rhizo_assembly;vegetative;8;3;late_vegetative;21;rhizoplane_time;Control_late_vegetative;4;93
RS_153;RS_153;Control;time;Control_time;day21;V3;V3;21;Control_time_day21;4;2;26-Aug;Control_time_day21_2;18.9;24.75;18.07;16.27;8.48;1.8;rhizosphere;RS;NA;153;NA;5/13/23;8;sample;0;rhizo_assembly;vegetative;8;3;late_vegetative;21;rhizosphere_time;Control_late_vegetative;2;153
RS_196;RS_196;Control;time;Control_time;day21;V3;V3;21;Control_time_day21;4;5;26-Aug;Control_time_day21_5;18.9;24.36;18.28;16.27;8.09;2.01;rhizosphere;RS;NA;196;NA;5/13/23;10;sample;0;rhizo_assembly;vegetative;8;3;late_vegetative;21;rhizosphere_time;Control_late_vegetative;5;196
RS_240;RS_240;Control;time;Control_time;day21;V3;V3;21;Control_time_day21;4;3;26-Aug;Control_time_day21_3;17.6;23.51;17.62;16.27;7.24;1.35;rhizosphere;RS;NA;240;NA;5/15/23;12;sample;0;rhizo_assembly;vegetative;8;3;late_vegetative;21;rhizosphere_time;Control_late_vegetative;3;240
RS_241;RS_241;Control;time;Control_time;day21;V3;V3;21;Control_time_day21;4;4;26-Aug;Control_time_day21_4;19.6;24.39;17.77;16.27;8.12;1.5;rhizosphere;RS;NA;241;NA;5/15/23;12;sample;0;rhizo_assembly;vegetative;8;3;late_vegetative;21;rhizosphere_time;Control_late_vegetative;4;241
RS_258;RS_258;Control;time;Control_time;day21;V3;V3;21;Control_time_day21;4;1;26-Aug;Control_time_day21_1;14.9;22.26;17.56;16.27;5.99;1.29;rhizosphere;RS;NA;258;NA;5/15/23;13;sample;0;rhizo_assembly;vegetative;8;3;late_vegetative;21;rhizosphere_time;Control_late_vegetative;1;258
RP_121;RP_121;Zeb;time;Zeb_time;day21;VC_V1;VC;21;Zeb_time_day21;4;1;26-Aug;Zeb_time_day21_1;6.2;4.31;2.92;2.5;1.81;0.42;rhizoplane;RP;121;NA;05/04/2023;05/11/2023;6;sample;0;rhizo_assembly;vegetative;4;1;seedling;21;rhizoplane_time;Zeb_seedling;1;121
RP_122;RP_122;Zeb;time;Zeb_time;day21;VC_V1;VC;21;Zeb_time_day21;4;2;26-Aug;Zeb_time_day21_2;9.5;5.48;3.04;2.5;2.98;0.54;rhizoplane;RP;122;NA;05/04/2023;05/11/2023;6;sample;0;rhizo_assembly;vegetative;4;1;seedling;21;rhizoplane_time;Zeb_seedling;2;122
RP_99;RP_99;Zeb;time;Zeb_time;day21;VC_V1;VC;21;Zeb_time_day21;4;4;26-Aug;Zeb_time_day21_4;4.4;4.45;3.01;2.5;1.95;0.51;rhizoplane;RP;99;NA;4/15/23;05/10/2023;5;sample;0;rhizo_assembly;vegetative;4;1;seedling;21;rhizoplane_time;Zeb_seedling;4;99
RS_164;RS_164;Zeb;time;Zeb_time;day21;VC_V1;VC;21;Zeb_time_day21;4;5;26-Aug;Zeb_time_day21_5;4.1;4.15;3.02;2.5;1.65;0.52;rhizosphere;RS;NA;164;NA;5/13/23;8;sample;0;rhizo_assembly;vegetative;4;1;seedling;21;rhizosphere_time;Zeb_seedling;5;164
RS_247;RS_247;Zeb;time;Zeb_time;day21;VC_V1;VC;21;Zeb_time_day21;4;4;26-Aug;Zeb_time_day21_4;4.4;4.45;3.01;2.5;1.95;0.51;rhizosphere;RS;NA;247;NA;5/15/23;12;sample;0;rhizo_assembly;vegetative;4;1;seedling;21;rhizosphere_time;Zeb_seedling;4;247
RS_269;RS_269;Zeb;time;Zeb_time;day21;VC_V1;VC;21;Zeb_time_day21;4;1;26-Aug;Zeb_time_day21_1;6.2;4.31;2.92;2.5;1.81;0.42;rhizosphere;RS;NA;269;NA;5/15/23;13;sample;0;rhizo_assembly;vegetative;4;1;seedling;21;rhizosphere_time;Zeb_seedling;1;269
RS_270;RS_270;Zeb;time;Zeb_time;day21;VC_V1;VC;21;Zeb_time_day21;4;2;26-Aug;Zeb_time_day21_2;9.5;5.48;3.04;2.5;2.98;0.54;rhizosphere;RS;NA;270;NA;5/15/23;13;sample;0;rhizo_assembly;vegetative;4;1;seedling;21;rhizosphere_time;Zeb_seedling;2;270
RS_292;RS_292;Zeb;time;Zeb_time;day21;VC_V1;VC;21;Zeb_time_day21;4;3;26-Aug;Zeb_time_day21_3;6.5;4.31;2.89;2.5;1.81;0.39;rhizosphere;RS;NA;292;NA;5/15/23;14;sample;0;rhizo_assembly;vegetative;4;1;seedling;21;rhizosphere_time;Zeb_seedling;3;292
RP_111;RP_111;Control;time;Control_time;day3;Emerged;VE;3;Control_time_day3;1;4;08-Aug;Control_time_day3_4;0;NA;NA;NA;NA;NA;rhizoplane;RP;111;NA;05/04/2023;05/11/2023;6;sample;0;rhizo_assembly;vegetative;2;1;seedling;3;rhizoplane_time;Control_seedling;4;111
RP_69;RP_69;Control;time;Control_time;day3;Emerged;VE;3;Control_time_day3;1;3;08-Aug;Control_time_day3_3;0;NA;NA;NA;NA;NA;rhizoplane;RP;69;NA;4/14/23;05/10/2023;4;sample;0;rhizo_assembly;vegetative;2;1;seedling;3;rhizoplane_time;Control_seedling;3;69
RP_94;RP_94;Control;time;Control_time;day3;Emerged;VE;3;Control_time_day3;1;1;08-Aug;Control_time_day3_1;0;NA;NA;NA;NA;NA;rhizoplane;RP;94;NA;4/15/23;05/10/2023;5;sample;0;rhizo_assembly;vegetative;2;1;seedling;3;rhizoplane_time;Control_seedling;1;94
RP_95;RP_95;Control;time;Control_time;day3;Emerged;VE;3;Control_time_day3;1;2;08-Aug;Control_time_day3_2;0;NA;NA;NA;NA;NA;rhizoplane;RP;95;NA;4/15/23;05/10/2023;5;sample;0;rhizo_assembly;vegetative;2;1;seedling;3;rhizoplane_time;Control_seedling;2;95
RS_179;RS_179;Control;time;Control_time;day3;Emerged;VE;3;Control_time_day3;1;5;08-Aug;Control_time_day3_5;0;NA;NA;NA;NA;NA;rhizosphere;RS;NA;179;NA;5/13/23;9;sample;0;rhizo_assembly;vegetative;2;1;seedling;3;rhizosphere_time;Control_seedling;5;179
RS_217;RS_217;Control;time;Control_time;day3;Emerged;VE;3;Control_time_day3;1;3;08-Aug;Control_time_day3_3;0;NA;NA;NA;NA;NA;rhizosphere;RS;NA;217;NA;5/13/23;11;sample;0;rhizo_assembly;vegetative;2;1;seedling;3;rhizosphere_time;Control_seedling;3;217
RS_242;RS_242;Control;time;Control_time;day3;Emerged;VE;3;Control_time_day3;1;1;08-Aug;Control_time_day3_1;0;NA;NA;NA;NA;NA;rhizosphere;RS;NA;242;NA;5/15/23;12;sample;0;rhizo_assembly;vegetative;2;1;seedling;3;rhizosphere_time;Control_seedling;1;242
RS_243;RS_243;Control;time;Control_time;day3;Emerged;VE;3;Control_time_day3;1;2;08-Aug;Control_time_day3_2;0;NA;NA;NA;NA;NA;rhizosphere;RS;NA;243;NA;5/15/23;12;sample;0;rhizo_assembly;vegetative;2;1;seedling;3;rhizosphere_time;Control_seedling;2;243
RS_259;RS_259;Control;time;Control_time;day3;Emerged;VE;3;Control_time_day3;1;4;08-Aug;Control_time_day3_4;0;NA;NA;NA;NA;NA;rhizosphere;RS;NA;259;NA;5/15/23;13;sample;0;rhizo_assembly;vegetative;2;1;seedling;3;rhizosphere_time;Control_seedling;4;259
RP_100;RP_100;Zeb;time;Zeb_time;day3;Pre_Emergence;PE;3;Zeb_time_day3;1;2;08-Aug;Zeb_time_day3_2;0;NA;NA;NA;NA;NA;rhizoplane;RP;100;NA;4/15/23;05/10/2023;5;sample;0;rhizo_assembly;vegetative;1;1;seedling;3;rhizoplane_time;Zeb_seedling;2;100
RP_38;RP_38;Zeb;time;Zeb_time;day3;Pre_Emergence;PE;3;Zeb_time_day3;1;1;08-Aug;Zeb_time_day3_1;0;NA;NA;NA;NA;NA;rhizoplane;RP;38;NA;4/13/23;05/09/2023;2;sample;0;rhizo_assembly;vegetative;1;1;seedling;3;rhizoplane_time;Zeb_seedling;1;38
RP_60;RP_60;Zeb;time;Zeb_time;day3;Pre_Emergence;PE;3;Zeb_time_day3;1;5;08-Aug;Zeb_time_day3_5;0;NA;NA;NA;NA;NA;rhizoplane;RP;60;NA;4/13/23;05/09/2023;3;sample;0;rhizo_assembly;vegetative;1;1;seedling;3;rhizoplane_time;Zeb_seedling;5;60
RS_165;RS_165;Zeb;time;Zeb_time;day3;Pre_Emergence;PE;3;Zeb_time_day3;1;4;08-Aug;Zeb_time_day3_4;0;NA;NA;NA;NA;NA;rhizosphere;RS;NA;165;NA;5/13/23;8;sample;0;rhizo_assembly;vegetative;1;1;seedling;3;rhizosphere_time;Zeb_seedling;4;165
RS_186;RS_186;Zeb;time;Zeb_time;day3;Pre_Emergence;PE;3;Zeb_time_day3;1;1;08-Aug;Zeb_time_day3_1;0;NA;NA;NA;NA;NA;rhizosphere;RS;NA;186;NA;5/13/23;9;sample;0;rhizo_assembly;vegetative;1;1;seedling;3;rhizosphere_time;Zeb_seedling;1;186
RS_208;RS_208;Zeb;time;Zeb_time;day3;Pre_Emergence;PE;3;Zeb_time_day3;1;5;08-Aug;Zeb_time_day3_5;0;NA;NA;NA;NA;NA;rhizosphere;RS;NA;208;NA;5/13/23;10;sample;0;rhizo_assembly;vegetative;1;1;seedling;3;rhizosphere_time;Zeb_seedling;5;208
RS_248;RS_248;Zeb;time;Zeb_time;day3;Pre_Emergence;PE;3;Zeb_time_day3;1;2;08-Aug;Zeb_time_day3_2;0;NA;NA;NA;NA;NA;rhizosphere;RS;NA;248;NA;5/15/23;12;sample;0;rhizo_assembly;vegetative;1;1;seedling;3;rhizosphere_time;Zeb_seedling;2;248
RS_293;RS_293;Zeb;time;Zeb_time;day3;Pre_Emergence;PE;3;Zeb_time_day3;1;3;08-Aug;Zeb_time_day3_3;0;NA;NA;NA;NA;NA;rhizosphere;RS;NA;293;NA;5/15/23;14;sample;0;rhizo_assembly;vegetative;1;1;seedling;3;rhizosphere_time;Zeb_seedling;3;293
RP_112;RP_112;Control;time;Control_time;day35;R3;R3;35;Control_time_day35;5;5;09/09/2026;Control_time_day35_5;32;49.2;21.72;16.27;32.93;5.45;rhizoplane;RP;112;NA;05/04/2023;05/11/2023;6;sample;0;rhizo_assembly;reproductive;13;4;early_reproductive;35;rhizoplane_time;Control_early_reproductive;5;112
RP_133;RP_133;Control;time;Control_time;day35;R3;R3;35;Control_time_day35;5;1;09/09/2026;Control_time_day35_1;34.4;53.91;22.19;16.27;37.64;5.92;rhizoplane;RP;133;NA;05/04/2023;05/11/2023;7;sample;0;rhizo_assembly;reproductive;13;4;early_reproductive;35;rhizoplane_time;Control_early_reproductive;1;133
RP_6;RP_6;Control;time;Control_time;day35;R3;R3;35;Control_time_day35;5;2;09/09/2026;Control_time_day35_2;28.1;43.31;21.17;16.27;27.04;4.9;rhizoplane;RP;6;NA;04/12/2023;05/08/2023;1;sample;0;rhizo_assembly;reproductive;13;4;early_reproductive;35;rhizoplane_time;Control_early_reproductive;2;6
RS_154;RS_154;Control;time;Control_time;day35;R3;R3;35;Control_time_day35;5;2;09/09/2026;Control_time_day35_2;28.1;43.31;21.17;16.27;27.04;4.9;rhizosphere;RS;NA;154;NA;5/13/23;8;sample;0;rhizo_assembly;reproductive;13;4;early_reproductive;35;rhizosphere_time;Control_early_reproductive;2;154
RS_218;RS_218;Control;time;Control_time;day35;R3;R3;35;Control_time_day35;5;3;09/09/2026;Control_time_day35_3;33.9;37.2;20.25;16.27;20.93;3.98;rhizosphere;RS;NA;218;NA;5/13/23;11;sample;0;rhizo_assembly;reproductive;13;4;early_reproductive;35;rhizosphere_time;Control_early_reproductive;3;218
RS_260;RS_260;Control;time;Control_time;day35;R3;R3;35;Control_time_day35;5;5;09/09/2026;Control_time_day35_5;32;49.2;21.72;16.27;32.93;5.45;rhizosphere;RS;NA;260;NA;5/15/23;13;sample;0;rhizo_assembly;reproductive;13;4;early_reproductive;35;rhizosphere_time;Control_early_reproductive;5;260
RS_281;RS_281;Control;time;Control_time;day35;R3;R3;35;Control_time_day35;5;1;09/09/2026;Control_time_day35_1;34.4;53.91;22.19;16.27;37.64;5.92;rhizosphere;RS;NA;281;NA;5/15/23;14;sample;0;rhizo_assembly;reproductive;13;4;early_reproductive;35;rhizosphere_time;Control_early_reproductive;1;281
RP_101;RP_101;Zeb;time;Zeb_time;day35;V3;V3;35;Zeb_time_day35;5;3;09/09/2026;Zeb_time_day35_3;20.7;22.87;17.75;16.27;6.6;1.48;rhizoplane;RP;101;NA;4/15/23;05/10/2023;5;sample;0;rhizo_assembly;reproductive;8;3;late_vegetative;35;rhizoplane_time;Zeb_late_vegetative;3;101
RP_123;RP_123;Zeb;time;Zeb_time;day35;V3;V3;35;Zeb_time_day35;5;2;09/09/2026;Zeb_time_day35_2;11.8;21.59;17.16;16.27;5.32;0.89;rhizoplane;RP;123;NA;05/04/2023;05/11/2023;6;sample;0;rhizo_assembly;reproductive;8;3;late_vegetative;35;rhizoplane_time;Zeb_late_vegetative;2;123
RP_39;RP_39;Zeb;time;Zeb_time;day35;V3;V3;35;Zeb_time_day35;5;1;09/09/2026;Zeb_time_day35_1;20.5;21.96;17.26;16.27;5.69;0.99;rhizoplane;RP;39;NA;4/13/23;05/09/2023;2;sample;0;rhizo_assembly;reproductive;8;3;late_vegetative;35;rhizoplane_time;Zeb_late_vegetative;1;39
RP_80;RP_80;Zeb;time;Zeb_time;day35;V3;V3;35;Zeb_time_day35;5;4;09/09/2026;Zeb_time_day35_4;13.4;24.01;18.07;16.27;7.74;1.8;rhizoplane;RP;80;NA;4/14/23;05/10/2023;4;sample;0;rhizo_assembly;reproductive;8;3;late_vegetative;35;rhizoplane_time;Zeb_late_vegetative;4;80
RP_81;RP_81;Zeb;time;Zeb_time;day35;V3;V3;35;Zeb_time_day35;5;5;09/09/2026;Zeb_time_day35_5;14.6;19.97;17.02;16.27;3.7;0.75;rhizoplane;RP;81;NA;4/14/23;05/10/2023;4;sample;0;rhizo_assembly;reproductive;8;3;late_vegetative;35;rhizoplane_time;Zeb_late_vegetative;5;81
RS_187;RS_187;Zeb;time;Zeb_time;day35;V3;V3;35;Zeb_time_day35;5;1;09/09/2026;Zeb_time_day35_1;20.5;21.96;17.26;16.27;5.69;0.99;rhizosphere;RS;NA;187;NA;5/13/23;9;sample;0;rhizo_assembly;reproductive;8;3;late_vegetative;35;rhizosphere_time;Zeb_late_vegetative;1;187
RS_228;RS_228;Zeb;time;Zeb_time;day35;V3;V3;35;Zeb_time_day35;5;4;09/09/2026;Zeb_time_day35_4;13.4;24.01;18.07;16.27;7.74;1.8;rhizosphere;RS;NA;228;NA;5/13/23;11;sample;0;rhizo_assembly;reproductive;8;3;late_vegetative;35;rhizosphere_time;Zeb_late_vegetative;4;228
RS_229;RS_229;Zeb;time;Zeb_time;day35;V3;V3;35;Zeb_time_day35;5;5;09/09/2026;Zeb_time_day35_5;14.6;19.97;17.02;16.27;3.7;0.75;rhizosphere;RS;NA;229;NA;5/13/23;11;sample;0;rhizo_assembly;reproductive;8;3;late_vegetative;35;rhizosphere_time;Zeb_late_vegetative;5;229
RS_249;RS_249;Zeb;time;Zeb_time;day35;V3;V3;35;Zeb_time_day35;5;3;09/09/2026;Zeb_time_day35_3;20.7;22.87;17.75;16.27;6.6;1.48;rhizosphere;RS;NA;249;NA;5/15/23;12;sample;0;rhizo_assembly;reproductive;8;3;late_vegetative;35;rhizosphere_time;Zeb_late_vegetative;3;249
RS_271;RS_271;Zeb;time;Zeb_time;day35;V3;V3;35;Zeb_time_day35;5;2;09/09/2026;Zeb_time_day35_2;11.8;21.59;17.16;16.27;5.32;0.89;rhizosphere;RS;NA;271;NA;5/15/23;13;sample;0;rhizo_assembly;reproductive;8;3;late_vegetative;35;rhizosphere_time;Zeb_late_vegetative;2;271
RP_134;RP_134;Control;time;Control_time;day49;R6;R6;49;Control_time_day49;6;3;23/09/2026;Control_time_day49_3;30.1;63.76;27.29;16.27;47.49;11.02;rhizoplane;RP;134;NA;05/04/2023;05/11/2023;7;sample;0;rhizo_assembly;reproductive;16;5;late_reproductive;49;rhizoplane_time;Control_late_reproductive;3;134
RP_49;RP_49;Control;time;Control_time;day49;R6;R6;49;Control_time_day49;6;1;23/09/2026;Control_time_day49_1;32.5;54.55;26.12;16.27;38.28;9.85;rhizoplane;RP;49;NA;4/13/23;05/09/2023;3;sample;0;rhizo_assembly;reproductive;16;5;late_reproductive;49;rhizoplane_time;Control_late_reproductive;1;49
RP_50;RP_50;Control;time;Control_time;day49;R6;R6;49;Control_time_day49;6;2;23/09/2026;Control_time_day49_2;33;51.59;24.86;16.27;35.32;8.59;rhizoplane;RP;50;NA;4/13/23;05/09/2023;3;sample;0;rhizo_assembly;reproductive;16;5;late_reproductive;49;rhizoplane_time;Control_late_reproductive;2;50
RP_51;RP_51;Control;time;Control_time;day49;R6;R6;49;Control_time_day49;6;5;23/09/2026;Control_time_day49_5;30.8;64.68;27.78;16.27;48.41;11.51;rhizoplane;RP;51;NA;4/13/23;05/09/2023;3;sample;0;rhizo_assembly;reproductive;16;5;late_reproductive;49;rhizoplane_time;Control_late_reproductive;5;51
RP_71;RP_71;Control;time;Control_time;day49;R6;R6;49;Control_time_day49;6;4;23/09/2026;Control_time_day49_4;35.4;47.77;25.05;16.27;31.5;8.78;rhizoplane;RP;71;NA;4/14/23;05/10/2023;4;sample;0;rhizo_assembly;reproductive;16;5;late_reproductive;49;rhizoplane_time;Control_late_reproductive;4;71
RS_197;RS_197;Control;time;Control_time;day49;R6;R6;49;Control_time_day49;6;1;23/09/2026;Control_time_day49_1;32.5;54.55;26.12;16.27;38.28;9.85;rhizosphere;RS;NA;197;NA;5/13/23;10;sample;0;rhizo_assembly;reproductive;16;5;late_reproductive;49;rhizosphere_time;Control_late_reproductive;1;197
RS_198;RS_198;Control;time;Control_time;day49;R6;R6;49;Control_time_day49;6;2;23/09/2026;Control_time_day49_2;33;51.59;24.86;16.27;35.32;8.59;rhizosphere;RS;NA;198;NA;5/13/23;10;sample;0;rhizo_assembly;reproductive;16;5;late_reproductive;49;rhizosphere_time;Control_late_reproductive;2;198
RS_199;RS_199;Control;time;Control_time;day49;R6;R6;49;Control_time_day49;6;5;23/09/2026;Control_time_day49_5;30.8;64.68;27.78;16.27;48.41;11.51;rhizosphere;RS;NA;199;NA;5/13/23;10;sample;0;rhizo_assembly;reproductive;16;5;late_reproductive;49;rhizosphere_time;Control_late_reproductive;5;199
RS_219;RS_219;Control;time;Control_time;day49;R6;R6;49;Control_time_day49;6;4;23/09/2026;Control_time_day49_4;35.4;47.77;25.05;16.27;31.5;8.78;rhizosphere;RS;NA;219;NA;5/13/23;11;sample;0;rhizo_assembly;reproductive;16;5;late_reproductive;49;rhizosphere_time;Control_late_reproductive;4;219
RS_282;RS_282;Control;time;Control_time;day49;R6;R6;49;Control_time_day49;6;3;23/09/2026;Control_time_day49_3;30.1;63.76;27.29;16.27;47.49;11.02;rhizosphere;RS;NA;282;NA;5/15/23;14;sample;0;rhizo_assembly;reproductive;16;5;late_reproductive;49;rhizosphere_time;Control_late_reproductive;3;282
RP_102;RP_102;Zeb;time;Zeb_time;day49;R2;R2;49;Zeb_time_day49;6;4;23/09/2026;Zeb_time_day49_4;24.3;37.2;21.5;16.27;20.93;5.23;rhizoplane;RP;102;NA;4/15/23;05/10/2023;5;sample;0;rhizo_assembly;reproductive;12;4;early_reproductive;49;rhizoplane_time;Zeb_early_reproductive;4;102
RP_124;RP_124;Zeb;time;Zeb_time;day49;R2;R2;49;Zeb_time_day49;6;1;23/09/2026;Zeb_time_day49_1;13.4;30.33;19.55;16.27;14.06;3.28;rhizoplane;RP;124;NA;05/04/2023;05/11/2023;6;sample;0;rhizo_assembly;reproductive;12;4;early_reproductive;49;rhizoplane_time;Zeb_early_reproductive;1;124
RP_61;RP_61;Zeb;time;Zeb_time;day49;R2;R2;49;Zeb_time_day49;6;2;23/09/2026;Zeb_time_day49_2;18.3;27.58;18.87;16.27;11.31;2.6;rhizoplane;RP;61;NA;4/13/23;05/09/2023;3;sample;0;rhizo_assembly;reproductive;12;4;early_reproductive;49;rhizoplane_time;Zeb_early_reproductive;2;61
RP_62;RP_62;Zeb;time;Zeb_time;day49;R2;R2;49;Zeb_time_day49;6;5;23/09/2026;Zeb_time_day49_5;18.7;27.55;18.95;16.27;11.28;2.68;rhizoplane;RP;62;NA;4/13/23;05/09/2023;3;sample;0;rhizo_assembly;reproductive;12;4;early_reproductive;49;rhizoplane_time;Zeb_early_reproductive;5;62
RP_82;RP_82;Zeb;time;Zeb_time;day49;R2;R2;49;Zeb_time_day49;6;3;23/09/2026;Zeb_time_day49_3;24.4;28.32;18.98;16.27;12.05;2.71;rhizoplane;RP;82;NA;4/14/23;05/10/2023;4;sample;0;rhizo_assembly;reproductive;12;4;early_reproductive;49;rhizoplane_time;Zeb_early_reproductive;3;82
RS_209;RS_209;Zeb;time;Zeb_time;day49;R2;R2;49;Zeb_time_day49;6;2;23/09/2026;Zeb_time_day49_2;18.3;27.58;18.87;16.27;11.31;2.6;rhizosphere;RS;NA;209;NA;5/13/23;10;sample;0;rhizo_assembly;reproductive;12;4;early_reproductive;49;rhizosphere_time;Zeb_early_reproductive;2;209
RS_210;RS_210;Zeb;time;Zeb_time;day49;R2;R2;49;Zeb_time_day49;6;5;23/09/2026;Zeb_time_day49_5;18.7;27.55;18.95;16.27;11.28;2.68;rhizosphere;RS;NA;210;NA;5/13/23;10;sample;0;rhizo_assembly;reproductive;12;4;early_reproductive;49;rhizosphere_time;Zeb_early_reproductive;5;210
RS_230;RS_230;Zeb;time;Zeb_time;day49;R2;R2;49;Zeb_time_day49;6;3;23/09/2026;Zeb_time_day49_3;24.4;28.32;18.98;16.27;12.05;2.71;rhizosphere;RS;NA;230;NA;5/13/23;11;sample;0;rhizo_assembly;reproductive;12;4;early_reproductive;49;rhizosphere_time;Zeb_early_reproductive;3;230
RS_250;RS_250;Zeb;time;Zeb_time;day49;R2;R2;49;Zeb_time_day49;6;4;23/09/2026;Zeb_time_day49_4;24.3;37.2;21.5;16.27;20.93;5.23;rhizosphere;RS;NA;250;NA;5/15/23;12;sample;0;rhizo_assembly;reproductive;12;4;early_reproductive;49;rhizosphere_time;Zeb_early_reproductive;4;250
RS_272;RS_272;Zeb;time;Zeb_time;day49;R2;R2;49;Zeb_time_day49;6;1;23/09/2026;Zeb_time_day49_1;13.4;30.33;19.55;16.27;14.06;3.28;rhizosphere;RS;NA;272;NA;5/15/23;13;sample;0;rhizo_assembly;reproductive;12;4;early_reproductive;49;rhizosphere_time;Zeb_early_reproductive;1;272
RP_113;RP_113;Control;time;Control_time;day63;RH;RH;63;Control_time_day63;7;4;07/10/2026;Control_time_day63_4;29.9;40.98;28.57;16.27;24.71;12.3;rhizoplane;RP;113;NA;05/04/2023;05/11/2023;6;sample;0;rhizo_assembly;reproductive;18;5;late_reproductive;63;rhizoplane_time;Control_late_reproductive;4;113
RP_72;RP_72;Control;time;Control_time;day63;RH;RH;63;Control_time_day63;7;5;07/10/2026;Control_time_day63_5;30.9;40.14;27.85;16.27;23.87;11.58;rhizoplane;RP;72;NA;4/14/23;05/10/2023;4;sample;0;rhizo_assembly;reproductive;18;5;late_reproductive;63;rhizoplane_time;Control_late_reproductive;5;72
RP_96;RP_96;Control;time;Control_time;day63;RH;RH;63;Control_time_day63;7;1;07/10/2026;Control_time_day63_1;31.5;36.61;28.26;16.27;20.34;11.99;rhizoplane;RP;96;NA;4/15/23;05/10/2023;5;sample;0;rhizo_assembly;reproductive;18;5;late_reproductive;63;rhizoplane_time;Control_late_reproductive;1;96
RS_155;RS_155;Control;time;Control_time;day63;RH;RH;63;Control_time_day63;7;3;07/10/2026;Control_time_day63_3;32.5;40.15;29.61;16.27;23.88;13.34;rhizosphere;RS;NA;155;NA;5/13/23;8;sample;0;rhizo_assembly;reproductive;18;5;late_reproductive;63;rhizosphere_time;Control_late_reproductive;3;155
RS_220;RS_220;Control;time;Control_time;day63;RH;RH;63;Control_time_day63;7;5;07/10/2026;Control_time_day63_5;30.9;40.14;27.85;16.27;23.87;11.58;rhizosphere;RS;NA;220;NA;5/13/23;11;sample;0;rhizo_assembly;reproductive;18;5;late_reproductive;63;rhizosphere_time;Control_late_reproductive;5;220
RS_244;RS_244;Control;time;Control_time;day63;RH;RH;63;Control_time_day63;7;1;07/10/2026;Control_time_day63_1;31.5;36.61;28.26;16.27;20.34;11.99;rhizosphere;RS;NA;244;NA;5/15/23;12;sample;0;rhizo_assembly;reproductive;18;5;late_reproductive;63;rhizosphere_time;Control_late_reproductive;1;244
RS_261;RS_261;Control;time;Control_time;day63;RH;RH;63;Control_time_day63;7;4;07/10/2026;Control_time_day63_4;29.9;40.98;28.57;16.27;24.71;12.3;rhizosphere;RS;NA;261;NA;5/15/23;13;sample;0;rhizo_assembly;reproductive;18;5;late_reproductive;63;rhizosphere_time;Control_late_reproductive;4;261
RS_283;RS_283;Control;time;Control_time;day63;RH;RH;63;Control_time_day63;7;2;07/10/2026;Control_time_day63_2;33;34.21;27.25;16.27;17.94;10.98;rhizosphere;RS;NA;283;NA;5/15/23;14;sample;0;rhizo_assembly;reproductive;18;5;late_reproductive;63;rhizosphere_time;Control_late_reproductive;2;283
RP_103;RP_103;Zeb;time;Zeb_time;day63;R5;R5;63;Zeb_time_day63;7;4;07/10/2026;Zeb_time_day63_4;20.1;42.07;21.75;16.27;25.8;5.48;rhizoplane;RP;103;NA;4/15/23;05/10/2023;5;sample;0;rhizo_assembly;reproductive;15;5;late_reproductive;63;rhizoplane_time;Zeb_late_reproductive;4;103
RP_146;RP_146;Zeb;time;Zeb_time;day63;R5;R5;63;Zeb_time_day63;7;5;07/10/2026;Zeb_time_day63_5;18.4;41.63;22.26;16.27;25.36;5.99;rhizoplane;RP;146;NA;05/04/2023;05/11/2023;7;sample;0;rhizo_assembly;reproductive;15;5;late_reproductive;63;rhizoplane_time;Zeb_late_reproductive;5;146
RP_18;RP_18;Zeb;time;Zeb_time;day63;R5;R5;63;Zeb_time_day63;7;2;07/10/2026;Zeb_time_day63_2;24.6;39.77;21.7;16.27;23.5;5.43;rhizoplane;RP;18;NA;04/12/2023;05/08/2023;1;sample;0;rhizo_assembly;reproductive;15;5;late_reproductive;63;rhizoplane_time;Zeb_late_reproductive;2;18
RP_40;RP_40;Zeb;time;Zeb_time;day63;R5;R5;63;Zeb_time_day63;7;1;07/10/2026;Zeb_time_day63_1;14.7;52.03;22.99;16.27;35.76;6.72;rhizoplane;RP;40;NA;4/13/23;05/09/2023;2;sample;0;rhizo_assembly;reproductive;15;5;late_reproductive;63;rhizoplane_time;Zeb_late_reproductive;1;40
RP_41;RP_41;Zeb;time;Zeb_time;day63;R5;R5;63;Zeb_time_day63;7;3;07/10/2026;Zeb_time_day63_3;22.1;58.94;24.99;16.27;42.67;8.72;rhizoplane;RP;41;NA;4/13/23;05/09/2023;2;sample;0;rhizo_assembly;reproductive;15;5;late_reproductive;63;rhizoplane_time;Zeb_late_reproductive;3;41
RS_166;RS_166;Zeb;time;Zeb_time;day63;R5;R5;63;Zeb_time_day63;7;2;07/10/2026;Zeb_time_day63_2;24.6;39.77;21.7;16.27;23.5;5.43;rhizosphere;RS;NA;166;NA;5/13/23;8;sample;0;rhizo_assembly;reproductive;15;5;late_reproductive;63;rhizosphere_time;Zeb_late_reproductive;2;166
RS_188;RS_188;Zeb;time;Zeb_time;day63;R5;R5;63;Zeb_time_day63;7;1;07/10/2026;Zeb_time_day63_1;14.7;52.03;22.99;16.27;35.76;6.72;rhizosphere;RS;NA;188;NA;5/13/23;9;sample;0;rhizo_assembly;reproductive;15;5;late_reproductive;63;rhizosphere_time;Zeb_late_reproductive;1;188
RS_189;RS_189;Zeb;time;Zeb_time;day63;R5;R5;63;Zeb_time_day63;7;3;07/10/2026;Zeb_time_day63_3;22.1;58.94;24.99;16.27;42.67;8.72;rhizosphere;RS;NA;189;NA;5/13/23;9;sample;0;rhizo_assembly;reproductive;15;5;late_reproductive;63;rhizosphere_time;Zeb_late_reproductive;3;189
RS_251;RS_251;Zeb;time;Zeb_time;day63;R5;R5;63;Zeb_time_day63;7;4;07/10/2026;Zeb_time_day63_4;20.1;42.07;21.75;16.27;25.8;5.48;rhizosphere;RS;NA;251;NA;5/15/23;12;sample;0;rhizo_assembly;reproductive;15;5;late_reproductive;63;rhizosphere_time;Zeb_late_reproductive;4;251
RS_294;RS_294;Zeb;time;Zeb_time;day63;R5;R5;63;Zeb_time_day63;7;5;07/10/2026;Zeb_time_day63_5;18.4;41.63;22.26;16.27;25.36;5.99;rhizosphere;RS;NA;294;NA;5/15/23;14;sample;0;rhizo_assembly;reproductive;15;5;late_reproductive;63;rhizosphere_time;Zeb_late_reproductive;5;294
RP_33;RP_33;Control;time;Control_time;day7;VC;VC;7;Control_time_day7;2;2;12-Aug;Control_time_day7_2;7.8;4.58;2.93;2.5;2.08;0.43;rhizoplane;RP;33;NA;4/13/23;05/09/2023;2;sample;0;rhizo_assembly;vegetative;3;1;seedling;7;rhizoplane_time;Control_seedling;2;33
RP_73;RP_73;Control;time;Control_time;day7;VC;VC;7;Control_time_day7;2;4;12-Aug;Control_time_day7_4;7.3;4.78;2.91;2.5;2.28;0.41;rhizoplane;RP;73;NA;4/14/23;05/10/2023;4;sample;0;rhizo_assembly;vegetative;3;1;seedling;7;rhizoplane_time;Control_seedling;4;73
RS_181;RS_181;Control;time;Control_time;day7;VC;VC;7;Control_time_day7;2;2;12-Aug;Control_time_day7_2;7.8;4.58;2.93;2.5;2.08;0.43;rhizosphere;RS;NA;181;NA;5/13/23;9;sample;0;rhizo_assembly;vegetative;3;1;seedling;7;rhizosphere_time;Control_seedling;2;181
RS_200;RS_200;Control;time;Control_time;day7;VC;VC;7;Control_time_day7;2;5;12-Aug;Control_time_day7_5;8.6;4.89;2.99;2.5;2.39;0.49;rhizosphere;RS;NA;200;NA;5/13/23;10;sample;0;rhizo_assembly;vegetative;3;1;seedling;7;rhizosphere_time;Control_seedling;5;200
RS_221;RS_221;Control;time;Control_time;day7;VC;VC;7;Control_time_day7;2;4;12-Aug;Control_time_day7_4;7.3;4.78;2.91;2.5;2.28;0.41;rhizosphere;RS;NA;221;NA;5/13/23;11;sample;0;rhizo_assembly;vegetative;3;1;seedling;7;rhizosphere_time;Control_seedling;4;221
RS_284;RS_284;Control;time;Control_time;day7;VC;VC;7;Control_time_day7;2;1;12-Aug;Control_time_day7_1;9.1;4.59;2.95;2.5;2.09;0.45;rhizosphere;RS;NA;284;NA;5/15/23;14;sample;0;rhizo_assembly;vegetative;3;1;seedling;7;rhizosphere_time;Control_seedling;1;284
RS_285;RS_285;Control;time;Control_time;day7;VC;VC;7;Control_time_day7;2;3;12-Aug;Control_time_day7_3;8;4.55;2.94;2.5;2.05;0.44;rhizosphere;RS;NA;285;NA;5/15/23;14;sample;0;rhizo_assembly;vegetative;3;1;seedling;7;rhizosphere_time;Control_seedling;3;285
RP_104;RP_104;Zeb;time;Zeb_time;day7;Emerged;VE;7;Zeb_time_day7;2;5;12-Aug;Zeb_time_day7_5;1.8;3.95;2.97;2.5;1.45;0.47;rhizoplane;RP;104;NA;4/15/23;05/10/2023;5;sample;0;rhizo_assembly;vegetative;2;1;seedling;7;rhizoplane_time;Zeb_seedling;5;104
RP_19;RP_19;Zeb;time;Zeb_time;day7;Emerged;VE;7;Zeb_time_day7;2;1;12-Aug;Zeb_time_day7_1;2;3.75;2.95;2.5;1.25;0.45;rhizoplane;RP;19;NA;04/12/2023;05/08/2023;1;sample;0;rhizo_assembly;vegetative;2;1;seedling;7;rhizoplane_time;Zeb_seedling;1;19
RP_20;RP_20;Zeb;time;Zeb_time;day7;Emerged;VE;7;Zeb_time_day7;2;3;12-Aug;Zeb_time_day7_3;1.1;4.31;3.14;2.5;1.81;0.64;rhizoplane;RP;20;NA;04/12/2023;05/08/2023;1;sample;0;rhizo_assembly;vegetative;2;1;seedling;7;rhizoplane_time;Zeb_seedling;3;20
RP_83;RP_83;Zeb;time;Zeb_time;day7;Emerged;VE;7;Zeb_time_day7;2;4;12-Aug;Zeb_time_day7_4;1.2;3.85;3.05;2.5;1.35;0.55;rhizoplane;RP;83;NA;4/14/23;05/10/2023;4;sample;0;rhizo_assembly;vegetative;2;1;seedling;7;rhizoplane_time;Zeb_seedling;4;83
RS_167;RS_167;Zeb;time;Zeb_time;day7;Emerged;VE;7;Zeb_time_day7;2;1;12-Aug;Zeb_time_day7_1;2;3.75;2.95;2.5;1.25;0.45;rhizosphere;RS;NA;167;NA;5/13/23;8;sample;0;rhizo_assembly;vegetative;2;1;seedling;7;rhizosphere_time;Zeb_seedling;1;167
RS_168;RS_168;Zeb;time;Zeb_time;day7;Emerged;VE;7;Zeb_time_day7;2;3;12-Aug;Zeb_time_day7_3;1.1;4.31;3.14;2.5;1.81;0.64;rhizosphere;RS;NA;168;NA;5/13/23;8;sample;0;rhizo_assembly;vegetative;2;1;seedling;7;rhizosphere_time;Zeb_seedling;3;168
RS_231;RS_231;Zeb;time;Zeb_time;day7;Emerged;VE;7;Zeb_time_day7;2;4;12-Aug;Zeb_time_day7_4;1.2;3.85;3.05;2.5;1.35;0.55;rhizosphere;RS;NA;231;NA;5/13/23;11;sample;0;rhizo_assembly;vegetative;2;1;seedling;7;rhizosphere_time;Zeb_seedling;4;231
RS_252;RS_252;Zeb;time;Zeb_time;day7;Emerged;VE;7;Zeb_time_day7;2;5;12-Aug;Zeb_time_day7_5;1.8;3.95;2.97;2.5;1.45;0.47;rhizosphere;RS;NA;252;NA;5/15/23;12;sample;0;rhizo_assembly;vegetative;2;1;seedling;7;rhizosphere_time;Zeb_seedling;5;252
RS_273;RS_273;Zeb;time;Zeb_time;day7;Emerged;VE;7;Zeb_time_day7;2;2;12-Aug;Zeb_time_day7_2;1;3.88;3.05;2.5;1.38;0.55;rhizosphere;RS;NA;273;NA;5/15/23;13;sample;0;rhizo_assembly;vegetative;2;1;seedling;7;rhizosphere_time;Zeb_seedling;2;273
RP_127;RP_127;Control;growth;Control_growth;R1;R1;R1;26;Control_growth_R1;5;3;31-Aug;Control_growth_R1_3;21.7;26.59;18.18;16.27;10.32;1.91;rhizoplane;RP;127;NA;05/04/2023;05/11/2023;7;sample;0;rhizo_assembly;reproductive;11;4;early_reproductive;26;rhizoplane_growth;Control_early_reproductive;3;127
RP_22;RP_22;Control;growth;Control_growth;R1;R1;R1;26;Control_growth_R1;5;4;31-Aug;Control_growth_R1_4;28.8;30.59;18.9;16.27;14.32;2.63;rhizoplane;RP;22;NA;4/13/23;05/09/2023;2;sample;0;rhizo_assembly;reproductive;11;4;early_reproductive;26;rhizoplane_growth;Control_early_reproductive;4;22
RP_85;RP_85;Control;growth;Control_growth;R1;R1;R1;26;Control_growth_R1;5;1;31-Aug;Control_growth_R1_1;22.9;28.81;18.34;16.27;12.54;2.07;rhizoplane;RP;85;NA;4/15/23;05/10/2023;5;sample;0;rhizo_assembly;reproductive;11;4;early_reproductive;26;rhizoplane_growth;Control_early_reproductive;1;85
RP_86;RP_86;Control;growth;Control_growth;R1;R1;R1;26;Control_growth_R1;5;2;31-Aug;Control_growth_R1_2;26.7;28.23;18.37;16.27;11.96;2.1;rhizoplane;RP;86;NA;4/15/23;05/10/2023;5;sample;0;rhizo_assembly;reproductive;11;4;early_reproductive;26;rhizoplane_growth;Control_early_reproductive;2;86
RS_149;RS_149;Control;growth;Control_growth;R1;R1;R1;26;Control_growth_R1;5;5;31-Aug;Control_growth_R1_5;31.9;30.11;18.69;16.27;13.84;2.42;rhizosphere;RS;NA;149;NA;5/13/23;8;sample;0;rhizo_assembly;reproductive;11;4;early_reproductive;26;rhizosphere_growth;Control_early_reproductive;5;149
RS_170;RS_170;Control;growth;Control_growth;R1;R1;R1;26;Control_growth_R1;5;4;31-Aug;Control_growth_R1_4;28.8;30.59;18.9;16.27;14.32;2.63;rhizosphere;RS;NA;170;NA;5/13/23;9;sample;0;rhizo_assembly;reproductive;11;4;early_reproductive;26;rhizosphere_growth;Control_early_reproductive;4;170
RS_233;RS_233;Control;growth;Control_growth;R1;R1;R1;26;Control_growth_R1;5;1;31-Aug;Control_growth_R1_1;22.9;28.81;18.34;16.27;12.54;2.07;rhizosphere;RS;NA;233;NA;5/15/23;12;sample;0;rhizo_assembly;reproductive;11;4;early_reproductive;26;rhizosphere_growth;Control_early_reproductive;1;233
RS_234;RS_234;Control;growth;Control_growth;R1;R1;R1;26;Control_growth_R1;5;2;31-Aug;Control_growth_R1_2;26.7;28.23;18.37;16.27;11.96;2.1;rhizosphere;RS;NA;234;NA;5/15/23;12;sample;0;rhizo_assembly;reproductive;11;4;early_reproductive;26;rhizosphere_growth;Control_early_reproductive;2;234
RS_275;RS_275;Control;growth;Control_growth;R1;R1;R1;26;Control_growth_R1;5;3;31-Aug;Control_growth_R1_3;21.7;26.59;18.18;16.27;10.32;1.91;rhizosphere;RS;NA;275;NA;5/15/23;14;sample;0;rhizo_assembly;reproductive;11;4;early_reproductive;26;rhizosphere_growth;Control_early_reproductive;3;275
RP_114;RP_114;Zeb;growth;Zeb_growth;R1;R1;R1;37;Zeb_growth_R1;5;1;11/09/2026;Zeb_growth_R1_1;9.8;20.32;16.52;16.27;4.05;0.25;rhizoplane;RP;114;NA;05/04/2023;05/11/2023;6;sample;0;rhizo_assembly;reproductive;11;4;early_reproductive;37;rhizoplane_growth;Zeb_early_reproductive;1;114
RP_115;RP_115;Zeb;growth;Zeb_growth;R1;R1;R1;37;Zeb_growth_R1;5;4;11/09/2026;Zeb_growth_R1_4;37.5;27.37;18.03;16.27;11.1;1.76;rhizoplane;RP;115;NA;05/04/2023;05/11/2023;6;sample;0;rhizo_assembly;reproductive;11;4;early_reproductive;37;rhizoplane_growth;Zeb_early_reproductive;4;115
RP_54;RP_54;Zeb;growth;Zeb_growth;R1;R1;R1;37;Zeb_growth_R1;5;5;11/09/2026;Zeb_growth_R1_5;11.9;24.19;17.81;16.27;7.92;1.54;rhizoplane;RP;54;NA;4/13/23;05/09/2023;3;sample;0;rhizo_assembly;reproductive;11;4;early_reproductive;37;rhizoplane_growth;Zeb_early_reproductive;5;54
RS_182;RS_182;Zeb;growth;Zeb_growth;R1;R1;R1;37;Zeb_growth_R1;5;2;11/09/2026;Zeb_growth_R1_2;22.2;24.56;17.46;16.27;8.29;1.19;rhizosphere;RS;NA;182;NA;5/13/23;9;sample;0;rhizo_assembly;reproductive;11;4;early_reproductive;37;rhizosphere_growth;Zeb_early_reproductive;2;182
RS_201;RS_201;Zeb;growth;Zeb_growth;R1;R1;R1;37;Zeb_growth_R1;5;3;11/09/2026;Zeb_growth_R1_3;11.9;22.13;16.88;16.27;5.86;0.61;rhizosphere;RS;NA;201;NA;5/13/23;10;sample;0;rhizo_assembly;reproductive;11;4;early_reproductive;37;rhizosphere_growth;Zeb_early_reproductive;3;201
RS_202;RS_202;Zeb;growth;Zeb_growth;R1;R1;R1;37;Zeb_growth_R1;5;5;11/09/2026;Zeb_growth_R1_5;11.9;24.19;17.81;16.27;7.92;1.54;rhizosphere;RS;NA;202;NA;5/13/23;10;sample;0;rhizo_assembly;reproductive;11;4;early_reproductive;37;rhizosphere_growth;Zeb_early_reproductive;5;202
RS_262;RS_262;Zeb;growth;Zeb_growth;R1;R1;R1;37;Zeb_growth_R1;5;1;11/09/2026;Zeb_growth_R1_1;9.8;20.32;16.52;16.27;4.05;0.25;rhizosphere;RS;NA;262;NA;5/15/23;13;sample;0;rhizo_assembly;reproductive;11;4;early_reproductive;37;rhizosphere_growth;Zeb_early_reproductive;1;262
RS_263;RS_263;Zeb;growth;Zeb_growth;R1;R1;R1;37;Zeb_growth_R1;5;4;11/09/2026;Zeb_growth_R1_4;37.5;27.37;18.03;16.27;11.1;1.76;rhizosphere;RS;NA;263;NA;5/15/23;13;sample;0;rhizo_assembly;reproductive;11;4;early_reproductive;37;rhizosphere_growth;Zeb_early_reproductive;4;263
RP_106;RP_106;Control;growth;Control_growth;R4;R4;R4;37;Control_growth_R4;6;3;11/09/2026;Control_growth_R4_3;30.8;58.02;21.42;16.27;41.75;5.15;rhizoplane;RP;106;NA;05/04/2023;05/11/2023;6;sample;0;rhizo_assembly;reproductive;14;4;early_reproductive;37;rhizoplane_growth;Control_early_reproductive;3;106
RP_128;RP_128;Control;growth;Control_growth;R4;R4;R4;37;Control_growth_R4;6;4;11/09/2026;Control_growth_R4_4;33.4;58.66;21.6;16.27;42.39;5.33;rhizoplane;RP;128;NA;05/04/2023;05/11/2023;7;sample;0;rhizo_assembly;reproductive;14;4;early_reproductive;37;rhizoplane_growth;Control_early_reproductive;4;128
RP_23;RP_23;Control;growth;Control_growth;R4;R4;R4;37;Control_growth_R4;6;5;11/09/2026;Control_growth_R4_5;37.7;68.28;23.59;16.27;52.01;7.32;rhizoplane;RP;23;NA;4/13/23;05/09/2023;2;sample;0;rhizo_assembly;reproductive;14;4;early_reproductive;37;rhizoplane_growth;Control_early_reproductive;5;23
RP_64;RP_64;Control;growth;Control_growth;R4;R4;R4;37;Control_growth_R4;6;1;11/09/2026;Control_growth_R4_1;21.4;59.84;22.09;16.27;43.57;5.82;rhizoplane;RP;64;NA;4/14/23;05/10/2023;4;sample;0;rhizo_assembly;reproductive;14;4;early_reproductive;37;rhizoplane_growth;Control_early_reproductive;1;64
RP_87;RP_87;Control;growth;Control_growth;R4;R4;R4;37;Control_growth_R4;6;2;11/09/2026;Control_growth_R4_2;25.1;53.66;21.35;16.27;37.39;5.08;rhizoplane;RP;87;NA;4/15/23;05/10/2023;5;sample;0;rhizo_assembly;reproductive;14;4;early_reproductive;37;rhizoplane_growth;Control_early_reproductive;2;87
RS_171;RS_171;Control;growth;Control_growth;R4;R4;R4;37;Control_growth_R4;6;5;11/09/2026;Control_growth_R4_5;37.7;68.28;23.59;16.27;52.01;7.32;rhizosphere;RS;NA;171;NA;5/13/23;9;sample;0;rhizo_assembly;reproductive;14;4;early_reproductive;37;rhizosphere_growth;Control_early_reproductive;5;171
RS_212;RS_212;Control;growth;Control_growth;R4;R4;R4;37;Control_growth_R4;6;1;11/09/2026;Control_growth_R4_1;21.4;59.84;22.09;16.27;43.57;5.82;rhizosphere;RS;NA;212;NA;5/13/23;11;sample;0;rhizo_assembly;reproductive;14;4;early_reproductive;37;rhizosphere_growth;Control_early_reproductive;1;212
RS_235;RS_235;Control;growth;Control_growth;R4;R4;R4;37;Control_growth_R4;6;2;11/09/2026;Control_growth_R4_2;25.1;53.66;21.35;16.27;37.39;5.08;rhizosphere;RS;NA;235;NA;5/15/23;12;sample;0;rhizo_assembly;reproductive;14;4;early_reproductive;37;rhizosphere_growth;Control_early_reproductive;2;235
RS_254;RS_254;Control;growth;Control_growth;R4;R4;R4;37;Control_growth_R4;6;3;11/09/2026;Control_growth_R4_3;30.8;58.02;21.42;16.27;41.75;5.15;rhizosphere;RS;NA;254;NA;5/15/23;13;sample;0;rhizo_assembly;reproductive;14;4;early_reproductive;37;rhizosphere_growth;Control_early_reproductive;3;254
RS_276;RS_276;Control;growth;Control_growth;R4;R4;R4;37;Control_growth_R4;6;4;11/09/2026;Control_growth_R4_4;33.4;58.66;21.6;16.27;42.39;5.33;rhizosphere;RS;NA;276;NA;5/15/23;14;sample;0;rhizo_assembly;reproductive;14;4;early_reproductive;37;rhizosphere_growth;Control_early_reproductive;4;276
RP_116;RP_116;Zeb;growth;Zeb_growth;R4;R4;R4;55;Zeb_growth_R4;6;3;29/09/2026;Zeb_growth_R4_3;19.5;53.28;21.65;16.27;37.01;5.38;rhizoplane;RP;116;NA;05/04/2023;05/11/2023;6;sample;0;rhizo_assembly;reproductive;14;4;early_reproductive;55;rhizoplane_growth;Zeb_early_reproductive;3;116
RP_117;RP_117;Zeb;growth;Zeb_growth;R4;R4;R4;55;Zeb_growth_R4;6;5;29/09/2026;Zeb_growth_R4_5;21.4;59.32;24.23;16.27;43.05;7.96;rhizoplane;RP;117;NA;05/04/2023;05/11/2023;6;sample;0;rhizo_assembly;reproductive;14;4;early_reproductive;55;rhizoplane_growth;Zeb_early_reproductive;5;117
RP_138;RP_138;Zeb;growth;Zeb_growth;R4;R4;R4;55;Zeb_growth_R4;6;2;29/09/2026;Zeb_growth_R4_2;13.9;55.41;22.42;16.27;39.14;6.15;rhizoplane;RP;138;NA;05/04/2023;05/11/2023;7;sample;0;rhizo_assembly;reproductive;14;4;early_reproductive;55;rhizoplane_growth;Zeb_early_reproductive;2;138
RP_55;RP_55;Zeb;growth;Zeb_growth;R4;R4;R4;55;Zeb_growth_R4;6;4;29/09/2026;Zeb_growth_R4_4;22.3;53.2;23.02;16.27;36.93;6.75;rhizoplane;RP;55;NA;4/13/23;05/09/2023;3;sample;0;rhizo_assembly;reproductive;14;4;early_reproductive;55;rhizoplane_growth;Zeb_early_reproductive;4;55
RP_8;RP_8;Zeb;growth;Zeb_growth;R4;R4;R4;55;Zeb_growth_R4;6;1;29/09/2026;Zeb_growth_R4_1;25;45.72;21.73;16.27;29.45;5.46;rhizoplane;RP;8;NA;04/12/2023;05/08/2023;1;sample;0;rhizo_assembly;reproductive;14;4;early_reproductive;55;rhizoplane_growth;Zeb_early_reproductive;1;8
RS_156;RS_156;Zeb;growth;Zeb_growth;R4;R4;R4;55;Zeb_growth_R4;6;1;29/09/2026;Zeb_growth_R4_1;25;45.72;21.73;16.27;29.45;5.46;rhizosphere;RS;NA;156;NA;5/13/23;8;sample;0;rhizo_assembly;reproductive;14;4;early_reproductive;55;rhizosphere_growth;Zeb_early_reproductive;1;156
RS_203;RS_203;Zeb;growth;Zeb_growth;R4;R4;R4;55;Zeb_growth_R4;6;4;29/09/2026;Zeb_growth_R4_4;22.3;53.2;23.02;16.27;36.93;6.75;rhizosphere;RS;NA;203;NA;5/13/23;10;sample;0;rhizo_assembly;reproductive;14;4;early_reproductive;55;rhizosphere_growth;Zeb_early_reproductive;4;203
RS_264;RS_264;Zeb;growth;Zeb_growth;R4;R4;R4;55;Zeb_growth_R4;6;3;29/09/2026;Zeb_growth_R4_3;19.5;53.28;21.65;16.27;37.01;5.38;rhizosphere;RS;NA;264;NA;5/15/23;13;sample;0;rhizo_assembly;reproductive;14;4;early_reproductive;55;rhizosphere_growth;Zeb_early_reproductive;3;264
RS_265;RS_265;Zeb;growth;Zeb_growth;R4;R4;R4;55;Zeb_growth_R4;6;5;29/09/2026;Zeb_growth_R4_5;21.4;59.32;24.23;16.27;43.05;7.96;rhizosphere;RS;NA;265;NA;5/15/23;13;sample;0;rhizo_assembly;reproductive;14;4;early_reproductive;55;rhizosphere_growth;Zeb_early_reproductive;5;265
RS_286;RS_286;Zeb;growth;Zeb_growth;R4;R4;R4;55;Zeb_growth_R4;6;2;29/09/2026;Zeb_growth_R4_2;13.9;55.41;22.42;16.27;39.14;6.15;rhizosphere;RS;NA;286;NA;5/15/23;14;sample;0;rhizo_assembly;reproductive;14;4;early_reproductive;55;rhizosphere_growth;Zeb_early_reproductive;2;286
RP_129;RP_129;Control;growth;Control_growth;R7;R7;R7;54;Control_growth_R7;7;3;28/09/2026;Control_growth_R7_3;32;52.15;27.83;16.27;35.88;11.56;rhizoplane;RP;129;NA;05/04/2023;05/11/2023;7;sample;0;rhizo_assembly;reproductive;17;5;late_reproductive;54;rhizoplane_growth;Control_late_reproductive;3;129
RP_65;RP_65;Control;growth;Control_growth;R7;R7;R7;54;Control_growth_R7;7;4;28/09/2026;Control_growth_R7_4;24.2;51.38;26.01;16.27;35.11;9.74;rhizoplane;RP;65;NA;4/14/23;05/10/2023;4;sample;0;rhizo_assembly;reproductive;17;5;late_reproductive;54;rhizoplane_growth;Control_late_reproductive;4;65
RP_66;RP_66;Control;growth;Control_growth;R7;R7;R7;54;Control_growth_R7;7;5;28/09/2026;Control_growth_R7_5;25.7;34.76;26.5;16.27;18.49;10.23;rhizoplane;RP;66;NA;4/14/23;05/10/2023;4;sample;0;rhizo_assembly;reproductive;17;5;late_reproductive;54;rhizoplane_growth;Control_late_reproductive;5;66
RS_172;RS_172;Control;growth;Control_growth;R7;R7;R7;54;Control_growth_R7;7;1;28/09/2026;Control_growth_R7_1;28.2;32.16;28.55;16.27;15.89;12.28;rhizosphere;RS;NA;172;NA;5/13/23;9;sample;0;rhizo_assembly;reproductive;17;5;late_reproductive;54;rhizosphere_growth;Control_late_reproductive;1;172
RS_191;RS_191;Control;growth;Control_growth;R7;R7;R7;54;Control_growth_R7;7;2;28/09/2026;Control_growth_R7_2;28.9;42.15;28.67;16.27;25.88;12.4;rhizosphere;RS;NA;191;NA;5/13/23;10;sample;0;rhizo_assembly;reproductive;17;5;late_reproductive;54;rhizosphere_growth;Control_late_reproductive;2;191
RS_213;RS_213;Control;growth;Control_growth;R7;R7;R7;54;Control_growth_R7;7;4;28/09/2026;Control_growth_R7_4;24.2;51.38;26.01;16.27;35.11;9.74;rhizosphere;RS;NA;213;NA;5/13/23;11;sample;0;rhizo_assembly;reproductive;17;5;late_reproductive;54;rhizosphere_growth;Control_late_reproductive;4;213
RS_214;RS_214;Control;growth;Control_growth;R7;R7;R7;54;Control_growth_R7;7;5;28/09/2026;Control_growth_R7_5;25.7;34.76;26.5;16.27;18.49;10.23;rhizosphere;RS;NA;214;NA;5/13/23;11;sample;0;rhizo_assembly;reproductive;17;5;late_reproductive;54;rhizosphere_growth;Control_late_reproductive;5;214
RS_277;RS_277;Control;growth;Control_growth;R7;R7;R7;54;Control_growth_R7;7;3;28/09/2026;Control_growth_R7_3;32;52.15;27.83;16.27;35.88;11.56;rhizosphere;RS;NA;277;NA;5/15/23;14;sample;0;rhizo_assembly;reproductive;17;5;late_reproductive;54;rhizosphere_growth;Control_late_reproductive;3;277
RP_10;RP_10;Zeb;growth;Zeb_growth;R7;R7;R7;75;Zeb_growth_R7;7;3;19/10/2026;Zeb_growth_R7_3;22.3;27.99;26.05;16.27;11.72;9.78;rhizoplane;RP;10;NA;04/12/2023;05/08/2023;1;sample;0;rhizo_assembly;reproductive;17;5;late_reproductive;75;rhizoplane_growth;Zeb_late_reproductive;3;10
RP_74;RP_74;Zeb;growth;Zeb_growth;R7;R7;R7;75;Zeb_growth_R7;7;4;19/10/2026;Zeb_growth_R7_4;20.6;31.87;29.89;16.27;15.6;13.62;rhizoplane;RP;74;NA;4/14/23;05/10/2023;4;sample;0;rhizo_assembly;reproductive;17;5;late_reproductive;75;rhizoplane_growth;Zeb_late_reproductive;4;74
RP_75;RP_75;Zeb;growth;Zeb_growth;R7;R7;R7;75;Zeb_growth_R7;7;5;19/10/2026;Zeb_growth_R7_5;28.3;27.38;24.72;16.27;11.11;8.45;rhizoplane;RP;75;NA;4/14/23;05/10/2023;4;sample;0;rhizo_assembly;reproductive;17;5;late_reproductive;75;rhizoplane_growth;Zeb_late_reproductive;5;75
RP_9;RP_9;Zeb;growth;Zeb_growth;R7;R7;R7;75;Zeb_growth_R7;7;2;19/10/2026;Zeb_growth_R7_2;14.8;28.38;22.53;16.27;12.11;6.26;rhizoplane;RP;9;NA;04/12/2023;05/08/2023;1;sample;0;rhizo_assembly;reproductive;17;5;late_reproductive;75;rhizoplane_growth;Zeb_late_reproductive;2;9
RS_157;RS_157;Zeb;growth;Zeb_growth;R7;R7;R7;75;Zeb_growth_R7;7;2;19/10/2026;Zeb_growth_R7_2;14.8;28.38;22.53;16.27;12.11;6.26;rhizosphere;RS;NA;157;NA;5/13/23;8;sample;0;rhizo_assembly;reproductive;17;5;late_reproductive;75;rhizosphere_growth;Zeb_late_reproductive;2;157
RS_158;RS_158;Zeb;growth;Zeb_growth;R7;R7;R7;75;Zeb_growth_R7;7;3;19/10/2026;Zeb_growth_R7_3;22.3;27.99;26.05;16.27;11.72;9.78;rhizosphere;RS;NA;158;NA;5/13/23;8;sample;0;rhizo_assembly;reproductive;17;5;late_reproductive;75;rhizosphere_growth;Zeb_late_reproductive;3;158
RS_223;RS_223;Zeb;growth;Zeb_growth;R7;R7;R7;75;Zeb_growth_R7;7;5;19/10/2026;Zeb_growth_R7_5;28.3;27.38;24.72;16.27;11.11;8.45;rhizosphere;RS;NA;223;NA;5/13/23;11;sample;0;rhizo_assembly;reproductive;17;5;late_reproductive;75;rhizosphere_growth;Zeb_late_reproductive;5;223
RS_287;RS_287;Zeb;growth;Zeb_growth;R7;R7;R7;75;Zeb_growth_R7;7;1;19/10/2026;Zeb_growth_R7_1;20.3;30.01;26.03;16.27;13.74;9.76;rhizosphere;RS;NA;287;NA;5/15/23;14;sample;0;rhizo_assembly;reproductive;17;5;late_reproductive;75;rhizosphere_growth;Zeb_late_reproductive;1;287
RP_107;RP_107;Control;growth;Control_growth;V1;V1;V1;10;Control_growth_V1;1;4;15-Aug;Control_growth_V1_4;10.6;NA;2.95;2.5;NA;0.45;rhizoplane;RP;107;NA;05/04/2023;05/11/2023;6;sample;0;rhizo_assembly;vegetative;5;2;early_vegetative;10;rhizoplane_growth;Control_early_vegetative;4;107
RP_44;RP_44;Control;growth;Control_growth;V1;V1;V1;10;Control_growth_V1;1;1;15-Aug;Control_growth_V1_1;9.5;NA;2.96;2.5;NA;0.46;rhizoplane;RP;44;NA;4/13/23;05/09/2023;3;sample;0;rhizo_assembly;vegetative;5;2;early_vegetative;10;rhizoplane_growth;Control_early_vegetative;1;44
RP_45;RP_45;Control;growth;Control_growth;V1;V1;V1;10;Control_growth_V1;1;2;15-Aug;Control_growth_V1_2;10.7;NA;2.94;2.5;NA;0.44;rhizoplane;RP;45;NA;4/13/23;05/09/2023;3;sample;0;rhizo_assembly;vegetative;5;2;early_vegetative;10;rhizoplane_growth;Control_early_vegetative;2;45
RP_88;RP_88;Control;growth;Control_growth;V1;V1;V1;10;Control_growth_V1;1;3;15-Aug;Control_growth_V1_3;12.4;NA;3.07;2.5;NA;0.57;rhizoplane;RP;88;NA;4/15/23;05/10/2023;5;sample;0;rhizo_assembly;vegetative;5;2;early_vegetative;10;rhizoplane_growth;Control_early_vegetative;3;88
RS_236;RS_236;Control;growth;Control_growth;V1;V1;V1;10;Control_growth_V1;1;3;15-Aug;Control_growth_V1_3;12.4;NA;3.07;2.5;NA;0.57;rhizosphere;RS;NA;236;NA;5/15/23;12;sample;0;rhizo_assembly;vegetative;5;2;early_vegetative;10;rhizosphere_growth;Control_early_vegetative;3;236
RS_255;RS_255;Control;growth;Control_growth;V1;V1;V1;10;Control_growth_V1;1;4;15-Aug;Control_growth_V1_4;10.6;#N/A;2.95;2.5;#N/A;0.45;rhizosphere;RS;NA;255;NA;5/15/23;13;sample;0;rhizo_assembly;vegetative;5;2;early_vegetative;10;rhizosphere_growth;Control_early_vegetative;4;255
RP_11;RP_11;Zeb;growth;Zeb_growth;V1;V1;V1;20;Zeb_growth_V1;1;3;25-Aug;Zeb_growth_V1_3;10.1;4.97;3.01;2.5;2.47;0.51;rhizoplane;RP;11;NA;04/12/2023;05/08/2023;1;sample;0;rhizo_assembly;vegetative;5;2;early_vegetative;20;rhizoplane_growth;Zeb_early_vegetative;3;11
RP_118;RP_118;Zeb;growth;Zeb_growth;V1;V1;V1;20;Zeb_growth_V1;1;1;25-Aug;Zeb_growth_V1_1;7.8;5.4;3.11;2.5;2.9;0.61;rhizoplane;RP;118;NA;05/04/2023;05/11/2023;6;sample;0;rhizo_assembly;vegetative;5;2;early_vegetative;20;rhizoplane_growth;Zeb_early_vegetative;1;118
RP_12;RP_12;Zeb;growth;Zeb_growth;V1;V1;V1;20;Zeb_growth_V1;1;4;25-Aug;Zeb_growth_V1_4;7.9;4.14;2.89;2.5;1.64;0.39;rhizoplane;RP;12;NA;04/12/2023;05/08/2023;1;sample;0;rhizo_assembly;vegetative;5;2;early_vegetative;20;rhizoplane_growth;Zeb_early_vegetative;4;12
RP_56;RP_56;Zeb;growth;Zeb_growth;V1;V1;V1;20;Zeb_growth_V1;1;5;25-Aug;Zeb_growth_V1_5;7.8;5.14;3.05;2.5;2.64;0.55;rhizoplane;RP;56;NA;4/13/23;05/09/2023;3;sample;0;rhizo_assembly;vegetative;5;2;early_vegetative;20;rhizoplane_growth;Zeb_early_vegetative;5;56
RP_76;RP_76;Zeb;growth;Zeb_growth;V1;V1;V1;20;Zeb_growth_V1;1;2;25-Aug;Zeb_growth_V1_2;6.7;5.46;3.08;2.5;2.96;0.58;rhizoplane;RP;76;NA;4/14/23;05/10/2023;4;sample;0;rhizo_assembly;vegetative;5;2;early_vegetative;20;rhizoplane_growth;Zeb_early_vegetative;2;76
RS_159;RS_159;Zeb;growth;Zeb_growth;V1;V1;V1;20;Zeb_growth_V1;1;3;25-Aug;Zeb_growth_V1_3;10.1;4.97;3.01;2.5;2.47;0.51;rhizosphere;RS;NA;159;NA;5/13/23;8;sample;0;rhizo_assembly;vegetative;5;2;early_vegetative;20;rhizosphere_growth;Zeb_early_vegetative;3;159
RS_160;RS_160;Zeb;growth;Zeb_growth;V1;V1;V1;20;Zeb_growth_V1;1;4;25-Aug;Zeb_growth_V1_4;7.9;4.14;2.89;2.5;1.64;0.39;rhizosphere;RS;NA;160;NA;5/13/23;8;sample;0;rhizo_assembly;vegetative;5;2;early_vegetative;20;rhizosphere_growth;Zeb_early_vegetative;4;160
RS_204;RS_204;Zeb;growth;Zeb_growth;V1;V1;V1;20;Zeb_growth_V1;1;5;25-Aug;Zeb_growth_V1_5;7.8;5.14;3.05;2.5;2.64;0.55;rhizosphere;RS;NA;204;NA;5/13/23;10;sample;0;rhizo_assembly;vegetative;5;2;early_vegetative;20;rhizosphere_growth;Zeb_early_vegetative;5;204
RS_224;RS_224;Zeb;growth;Zeb_growth;V1;V1;V1;20;Zeb_growth_V1;1;2;25-Aug;Zeb_growth_V1_2;6.7;5.46;3.08;2.5;2.96;0.58;rhizosphere;RS;NA;224;NA;5/13/23;11;sample;0;rhizo_assembly;vegetative;5;2;early_vegetative;20;rhizosphere_growth;Zeb_early_vegetative;2;224
RS_266;RS_266;Zeb;growth;Zeb_growth;V1;V1;V1;20;Zeb_growth_V1;1;1;25-Aug;Zeb_growth_V1_1;7.8;5.4;3.11;2.5;2.9;0.61;rhizosphere;RS;NA;266;NA;5/15/23;13;sample;0;rhizo_assembly;vegetative;5;2;early_vegetative;20;rhizosphere_growth;Zeb_early_vegetative;1;266
RP_108;RP_108;Control;growth;Control_growth;V2;V2;V2;14;Control_growth_V2;2;3;19-Aug;Control_growth_V2_3;13.7;21.07;17.14;16.27;4.8;0.87;rhizoplane;RP;108;NA;05/04/2023;05/11/2023;6;sample;0;rhizo_assembly;vegetative;7;2;early_vegetative;14;rhizoplane_growth;Control_early_vegetative;3;108
RP_109;RP_109;Control;growth;Control_growth;V2;V2;V2;14;Control_growth_V2;2;5;19-Aug;Control_growth_V2_5;9.9;20.11;17.02;16.27;3.84;0.75;rhizoplane;RP;109;NA;05/04/2023;05/11/2023;6;sample;0;rhizo_assembly;vegetative;7;2;early_vegetative;14;rhizoplane_growth;Control_early_vegetative;5;109
RP_2;RP_2;Control;growth;Control_growth;V2;V2;V2;14;Control_growth_V2;2;1;19-Aug;Control_growth_V2_1;13.9;21.15;17.39;16.27;4.88;1.12;rhizoplane;RP;2;NA;04/12/2023;05/08/2023;1;sample;0;rhizo_assembly;vegetative;7;2;early_vegetative;14;rhizoplane_growth;Control_early_vegetative;1;2
RP_25;RP_25;Control;growth;Control_growth;V2;V2;V2;14;Control_growth_V2;2;4;19-Aug;Control_growth_V2_4;10.1;19.95;16.98;16.27;3.68;0.71;rhizoplane;RP;25;NA;4/13/23;05/09/2023;2;sample;0;rhizo_assembly;vegetative;7;2;early_vegetative;14;rhizoplane_growth;Control_early_vegetative;4;25
RS_150;RS_150;Control;growth;Control_growth;V2;V2;V2;14;Control_growth_V2;2;1;19-Aug;Control_growth_V2_1;13.9;21.15;17.39;16.27;4.88;1.12;rhizosphere;RS;NA;150;NA;5/13/23;8;sample;0;rhizo_assembly;vegetative;7;2;early_vegetative;14;rhizosphere_growth;Control_early_vegetative;1;150
RS_173;RS_173;Control;growth;Control_growth;V2;V2;V2;14;Control_growth_V2;2;4;19-Aug;Control_growth_V2_4;10.1;19.95;16.98;16.27;3.68;0.71;rhizosphere;RS;NA;173;NA;5/13/23;9;sample;0;rhizo_assembly;vegetative;7;2;early_vegetative;14;rhizosphere_growth;Control_early_vegetative;4;173
RS_256;RS_256;Control;growth;Control_growth;V2;V2;V2;14;Control_growth_V2;2;3;19-Aug;Control_growth_V2_3;13.7;21.07;17.14;16.27;4.8;0.87;rhizosphere;RS;NA;256;NA;5/15/23;13;sample;0;rhizo_assembly;vegetative;7;2;early_vegetative;14;rhizosphere_growth;Control_early_vegetative;3;256
RS_257;RS_257;Control;growth;Control_growth;V2;V2;V2;14;Control_growth_V2;2;5;19-Aug;Control_growth_V2_5;9.9;20.11;17.04;16.27;3.84;0.75;rhizosphere;RS;NA;257;NA;5/15/23;13;sample;0;rhizo_assembly;vegetative;7;2;early_vegetative;14;rhizosphere_growth;Control_early_vegetative;5;257
RS_278;RS_278;Control;growth;Control_growth;V2;V2;V2;14;Control_growth_V2;2;2;19-Aug;Control_growth_V2_2;9.1;20;17.09;16.27;3.73;0.82;rhizosphere;RS;NA;278;NA;5/15/23;14;sample;0;rhizo_assembly;vegetative;7;2;early_vegetative;14;rhizosphere_growth;Control_early_vegetative;2;278
RP_13;RP_13;Zeb;growth;Zeb_growth;V2;V2;V2;24;Zeb_growth_V2;2;2;29-Aug;Zeb_growth_V2_2;8.1;5.26;3.11;2.5;2.76;0.61;rhizoplane;RP;13;NA;04/12/2023;05/08/2023;1;sample;0;rhizo_assembly;vegetative;7;2;early_vegetative;24;rhizoplane_growth;Zeb_early_vegetative;2;13
RP_36;RP_36;Zeb;growth;Zeb_growth;V2;V2;V2;24;Zeb_growth_V2;2;4;29-Aug;Zeb_growth_V2_4;8.7;5.51;3.07;2.5;3.01;0.57;rhizoplane;RP;36;NA;4/13/23;05/09/2023;2;sample;0;rhizo_assembly;vegetative;7;2;early_vegetative;24;rhizoplane_growth;Zeb_early_vegetative;4;36
RS_161;RS_161;Zeb;growth;Zeb_growth;V2;V2;V2;24;Zeb_growth_V2;2;2;29-Aug;Zeb_growth_V2_2;8.1;5.26;3.11;2.5;2.76;0.61;rhizosphere;RS;NA;161;NA;5/13/23;8;sample;0;rhizo_assembly;vegetative;7;2;early_vegetative;24;rhizosphere_growth;Zeb_early_vegetative;2;161
RS_162;RS_162;Zeb;growth;Zeb_growth;V2;V2;V2;24;Zeb_growth_V2;2;3;29-Aug;Zeb_growth_V2_3;7.9;5.17;2.95;2.5;2.67;0.45;rhizosphere;RS;NA;162;NA;5/13/23;8;sample;0;rhizo_assembly;vegetative;7;2;early_vegetative;24;rhizosphere_growth;Zeb_early_vegetative;3;162
RS_163;RS_163;Zeb;growth;Zeb_growth;V2;V2;V2;24;Zeb_growth_V2;2;5;29-Aug;Zeb_growth_V2_5;10;4.86;2.85;2.5;2.36;0.35;rhizosphere;RS;NA;163;NA;5/13/23;8;sample;0;rhizo_assembly;vegetative;7;2;early_vegetative;24;rhizosphere_growth;Zeb_early_vegetative;5;163
RS_183;RS_183;Zeb;growth;Zeb_growth;V2;V2;V2;24;Zeb_growth_V2;2;1;29-Aug;Zeb_growth_V2_1;8.3;5.07;3.03;2.5;2.57;0.53;rhizosphere;RS;NA;183;NA;5/13/23;9;sample;0;rhizo_assembly;vegetative;7;2;early_vegetative;24;rhizosphere_growth;Zeb_early_vegetative;1;183
RS_184;RS_184;Zeb;growth;Zeb_growth;V2;V2;V2;24;Zeb_growth_V2;2;4;29-Aug;Zeb_growth_V2_4;8.7;5.51;3.07;2.5;3.01;0.57;rhizosphere;RS;NA;184;NA;5/13/23;9;sample;0;rhizo_assembly;vegetative;7;2;early_vegetative;24;rhizosphere_growth;Zeb_early_vegetative;4;184
RP_3;RP_3;Control;growth;Control_growth;V3;V3;V3;19;Control_growth_V3;3;2;24-Aug;Control_growth_V3_2;14.3;20.66;17.75;16.27;4.39;1.48;rhizoplane;RP;3;NA;04/12/2023;05/08/2023;1;sample;0;rhizo_assembly;vegetative;8;3;late_vegetative;19;rhizoplane_growth;Control_late_vegetative;2;3
RP_47;RP_47;Control;growth;Control_growth;V3;V3;V3;19;Control_growth_V3;3;1;24-Aug;Control_growth_V3_1;16.6;22.11;17.92;16.27;5.84;1.65;rhizoplane;RP;47;NA;4/13/23;05/09/2023;3;sample;0;rhizo_assembly;vegetative;8;3;late_vegetative;19;rhizoplane_growth;Control_late_vegetative;1;47
RP_67;RP_67;Control;growth;Control_growth;V3;V3;V3;19;Control_growth_V3;3;3;24/08/2026;Control_growth_V3_3;20.3;23.24;18.42;16.27;6.97;2.15;rhizoplane;RP;67;NA;4/14/23;05/10/2023;4;sample;0;rhizo_assembly;vegetative;8;3;late_vegetative;19;rhizoplane_growth;Control_late_vegetative;3;67
RP_89;RP_89;Control;growth;Control_growth;V3;V3;V3;19;Control_growth_V3;3;4;24-Aug;Control_growth_V3_4;17.5;21.65;17.65;16.27;5.38;1.38;rhizoplane;RP;89;NA;4/15/23;05/10/2023;5;sample;0;rhizo_assembly;vegetative;8;3;late_vegetative;19;rhizoplane_growth;Control_late_vegetative;4;89
RP_90;RP_90;Control;growth;Control_growth;V3;V3;V3;19;Control_growth_V3;3;5;24/08/2026;Control_growth_V3_5;13.9;19.94;17.49;16.27;3.67;1.22;rhizoplane;RP;90;NA;4/15/23;05/10/2023;5;sample;0;rhizo_assembly;vegetative;8;3;late_vegetative;19;rhizoplane_growth;Control_late_vegetative;5;90
RS_151;RS_151;Control;growth;Control_growth;V3;V3;V3;19;Control_growth_V3;3;2;24-Aug;Control_growth_V3_2;14.3;20.66;17.75;16.27;4.39;1.48;rhizosphere;RS;NA;151;NA;5/13/23;8;sample;0;rhizo_assembly;vegetative;8;3;late_vegetative;19;rhizosphere_growth;Control_late_vegetative;2;151
RS_215;RS_215;Control;growth;Control_growth;V3;V3;V3;19;Control_growth_V3;3;3;24-Aug;Control_growth_V3_3;20.3;23.24;18.42;16.27;6.97;2.15;rhizosphere;RS;NA;215;NA;5/13/23;11;sample;0;rhizo_assembly;vegetative;8;3;late_vegetative;19;rhizosphere_growth;Control_late_vegetative;3;215
RS_237;RS_237;Control;growth;Control_growth;V3;V3;V3;19;Control_growth_V3;3;4;24-Aug;Control_growth_V3_4;17.5;21.65;17.65;16.27;5.38;1.38;rhizosphere;RS;NA;237;NA;5/15/23;12;sample;0;rhizo_assembly;vegetative;8;3;late_vegetative;19;rhizosphere_growth;Control_late_vegetative;4;237
RS_238;RS_238;Control;growth;Control_growth;V3;V3;V3;19;Control_growth_V3;3;5;24-Aug;Control_growth_V3_5;13.9;19.94;17.49;16.27;3.67;1.22;rhizosphere;RS;NA;238;NA;5/15/23;12;sample;0;rhizo_assembly;vegetative;8;3;late_vegetative;19;rhizosphere_growth;Control_late_vegetative;5;238
RP_119;RP_119;Zeb;growth;Zeb_growth;V3;V3;V3;25;Zeb_growth_V3;3;1;30-Aug;Zeb_growth_V3_1;11.6;6.43;3.21;2.5;3.93;0.71;rhizoplane;RP;119;NA;05/04/2023;05/11/2023;6;sample;0;rhizo_assembly;vegetative;8;3;late_vegetative;25;rhizoplane_growth;Zeb_late_vegetative;1;119
RP_140;RP_140;Zeb;growth;Zeb_growth;V3;V3;V3;25;Zeb_growth_V3;3;5;30-Aug;Zeb_growth_V3_5;11.2;5.71;3.15;2.5;3.21;0.65;rhizoplane;RP;140;NA;05/04/2023;05/11/2023;7;sample;0;rhizo_assembly;vegetative;8;3;late_vegetative;25;rhizoplane_growth;Zeb_late_vegetative;5;140
RP_57;RP_57;Zeb;growth;Zeb_growth;V3;V3;V3;25;Zeb_growth_V3;3;2;30-Aug;Zeb_growth_V3_2;11.5;6.59;3.3;2.5;4.09;0.8;rhizoplane;RP;57;NA;4/13/23;05/09/2023;3;sample;0;rhizo_assembly;vegetative;8;3;late_vegetative;25;rhizoplane_growth;Zeb_late_vegetative;2;57
RP_58;RP_58;Zeb;growth;Zeb_growth;V3;V3;V3;25;Zeb_growth_V3;3;4;30-Aug;Zeb_growth_V3_4;10.1;5.92;3.18;2.5;3.42;0.68;rhizoplane;RP;58;NA;4/13/23;05/09/2023;3;sample;0;rhizo_assembly;vegetative;8;3;late_vegetative;25;rhizoplane_growth;Zeb_late_vegetative;4;58
RP_77;RP_77;Zeb;growth;Zeb_growth;V3;V3;V3;25;Zeb_growth_V3;3;3;30-Aug;Zeb_growth_V3_3;10.5;6.19;3.34;2.5;3.69;0.84;rhizoplane;RP;77;NA;4/14/23;05/10/2023;4;sample;0;rhizo_assembly;vegetative;8;3;late_vegetative;25;rhizoplane_growth;Zeb_late_vegetative;3;77
RS_206;RS_206;Zeb;growth;Zeb_growth;V3;V3;V3;25;Zeb_growth_V3;3;4;30-Aug;Zeb_growth_V3_4;10.1;5.92;3.18;2.5;3.42;0.68;rhizosphere;RS;NA;206;NA;5/13/23;10;sample;0;rhizo_assembly;vegetative;8;3;late_vegetative;25;rhizosphere_growth;Zeb_late_vegetative;4;206
RS_225;RS_225;Zeb;growth;Zeb_growth;V3;V3;V3;25;Zeb_growth_V3;3;3;30-Aug;Zeb_growth_V3_3;10.5;6.19;3.34;2.5;3.69;0.84;rhizosphere;RS;NA;225;NA;5/13/23;11;sample;0;rhizo_assembly;vegetative;8;3;late_vegetative;25;rhizosphere_growth;Zeb_late_vegetative;3;225
RS_267;RS_267;Zeb;growth;Zeb_growth;V3;V3;V3;25;Zeb_growth_V3;3;1;30-Aug;Zeb_growth_V3_1;11.6;6.43;3.21;2.5;3.93;0.71;rhizosphere;RS;NA;267;NA;5/15/23;13;sample;0;rhizo_assembly;vegetative;8;3;late_vegetative;25;rhizosphere_growth;Zeb_late_vegetative;1;267
RS_288;RS_288;Zeb;growth;Zeb_growth;V3;V3;V3;25;Zeb_growth_V3;3;5;30-Aug;Zeb_growth_V3_5;11.2;5.71;3.15;2.5;3.21;0.65;rhizosphere;RS;NA;288;NA;5/15/23;14;sample;0;rhizo_assembly;vegetative;8;3;late_vegetative;25;rhizosphere_growth;Zeb_late_vegetative;5;288
RP_131;RP_131;Control;growth;Control_growth;V4;V4;V4;25;Control_growth_V4;4;5;30-Aug;Control_growth_V4_5;29.8;31.11;18.92;16.27;14.84;2.65;rhizoplane;RP;131;NA;05/04/2023;05/11/2023;7;sample;0;rhizo_assembly;vegetative;9;3;late_vegetative;25;rhizoplane_growth;Control_late_vegetative;5;131
RP_26;RP_26;Control;growth;Control_growth;V4;V4;V4;25;Control_growth_V4;4;1;30-Aug;Control_growth_V4_1;27.1;27.57;18.39;16.27;11.3;2.12;rhizoplane;RP;26;NA;4/13/23;05/09/2023;2;sample;0;rhizo_assembly;vegetative;9;3;late_vegetative;25;rhizoplane_growth;Control_late_vegetative;1;26
RP_27;RP_27;Control;growth;Control_growth;V4;V4;V4;25;Control_growth_V4;4;2;30-Aug;Control_growth_V4_2;26.1;26.24;18.16;16.27;9.97;1.89;rhizoplane;RP;27;NA;4/13/23;05/09/2023;2;sample;0;rhizo_assembly;vegetative;9;3;late_vegetative;25;rhizoplane_growth;Control_late_vegetative;2;27
RP_28;RP_28;Control;growth;Control_growth;V4;V4;V4;25;Control_growth_V4;4;4;30-Aug;Control_growth_V4_4;25.9;27.48;18.2;16.27;11.21;1.93;rhizoplane;RP;28;NA;4/13/23;05/09/2023;2;sample;0;rhizo_assembly;vegetative;9;3;late_vegetative;25;rhizoplane_growth;Control_late_vegetative;4;28
RP_68;RP_68;Control;growth;Control_growth;V4;V4;V4;25;Control_growth_V4;4;3;30-Aug;Control_growth_V4_3;20.3;25.85;18.17;16.27;9.58;1.9;rhizoplane;RP;68;NA;4/14/23;05/10/2023;4;sample;0;rhizo_assembly;vegetative;9;3;late_vegetative;25;rhizoplane_growth;Control_late_vegetative;3;68
RS_174;RS_174;Control;growth;Control_growth;V4;V4;V4;25;Control_growth_V4;4;1;30-Aug;Control_growth_V4_1;27.1;27.57;18.39;16.27;11.3;2.12;rhizosphere;RS;NA;174;NA;5/13/23;9;sample;0;rhizo_assembly;vegetative;9;3;late_vegetative;25;rhizosphere_growth;Control_late_vegetative;1;174
RS_175;RS_175;Control;growth;Control_growth;V4;V4;V4;25;Control_growth_V4;4;2;30-Aug;Control_growth_V4_2;26.1;26.24;18.16;16.27;9.97;1.89;rhizosphere;RS;NA;175;NA;5/13/23;9;sample;0;rhizo_assembly;vegetative;9;3;late_vegetative;25;rhizosphere_growth;Control_late_vegetative;2;175
RS_176;RS_176;Control;growth;Control_growth;V4;V4;V4;25;Control_growth_V4;4;4;30-Aug;Control_growth_V4_4;25.9;27.48;18.2;16.27;11.21;1.93;rhizosphere;RS;NA;176;NA;5/13/23;9;sample;0;rhizo_assembly;vegetative;9;3;late_vegetative;25;rhizosphere_growth;Control_late_vegetative;4;176
RS_216;RS_216;Control;growth;Control_growth;V4;V4;V4;25;Control_growth_V4;4;3;30-Aug;Control_growth_V4_3;20.3;25.85;18.17;16.27;9.58;1.9;rhizosphere;RS;NA;216;NA;5/13/23;11;sample;0;rhizo_assembly;vegetative;9;3;late_vegetative;25;rhizosphere_growth;Control_late_vegetative;3;216
RS_279;RS_279;Control;growth;Control_growth;V4;V4;V4;25;Control_growth_V4;4;5;30-Aug;Control_growth_V4_5;29.8;31.11;18.92;16.27;14.84;2.65;rhizosphere;RS;NA;279;NA;5/15/23;14;sample;0;rhizo_assembly;vegetative;9;3;late_vegetative;25;rhizosphere_growth;Control_late_vegetative;5;279
RP_141;RP_141;Zeb;growth;Zeb_growth;V4;V4;V4;32;Zeb_growth_V4;4;2;06/09/2026;Zeb_growth_V4_2;19.2;13.55;9.83;8.88;4.67;0.95;rhizoplane;RP;141;NA;05/04/2023;05/11/2023;7;sample;0;rhizo_assembly;vegetative;9;3;late_vegetative;32;rhizoplane_growth;Zeb_late_vegetative;2;141
RP_142;RP_142;Zeb;growth;Zeb_growth;V4;V4;V4;32;Zeb_growth_V4;4;4;06/09/2026;Zeb_growth_V4_4;9.6;12.62;9.41;8.88;3.74;0.53;rhizoplane;RP;142;NA;05/04/2023;05/11/2023;7;sample;0;rhizo_assembly;vegetative;9;3;late_vegetative;32;rhizoplane_growth;Zeb_late_vegetative;4;142
RP_59;RP_59;Zeb;growth;Zeb_growth;V4;V4;V4;32;Zeb_growth_V4;4;1;06/09/2026;Zeb_growth_V4_1;9.6;12.52;9.54;8.88;3.64;0.66;rhizoplane;RP;59;NA;4/13/23;05/09/2023;3;sample;0;rhizo_assembly;vegetative;9;3;late_vegetative;32;rhizoplane_growth;Zeb_late_vegetative;1;59
RP_97;RP_97;Zeb;growth;Zeb_growth;V4;V4;V4;32;Zeb_growth_V4;4;3;06/09/2026;Zeb_growth_V4_3;15.1;12.32;9.33;8.88;3.44;0.45;rhizoplane;RP;97;NA;4/15/23;05/10/2023;5;sample;0;rhizo_assembly;vegetative;9;3;late_vegetative;32;rhizoplane_growth;Zeb_late_vegetative;3;97
RP_98;RP_98;Zeb;growth;Zeb_growth;V4;V4;V4;32;Zeb_growth_V4;4;5;06/09/2026;Zeb_growth_V4_5;13;15.43;10.12;8.88;6.55;1.24;rhizoplane;RP;98;NA;4/15/23;05/10/2023;5;sample;0;rhizo_assembly;vegetative;9;3;late_vegetative;32;rhizoplane_growth;Zeb_late_vegetative;5;98
RS_207;RS_207;Zeb;growth;Zeb_growth;V4;V4;V4;32;Zeb_growth_V4;4;1;06/09/2026;Zeb_growth_V4_1;9.6;12.52;9.54;8.88;3.64;0.66;rhizosphere;RS;NA;207;NA;5/13/23;10;sample;0;rhizo_assembly;vegetative;9;3;late_vegetative;32;rhizosphere_growth;Zeb_late_vegetative;1;207
RS_245;RS_245;Zeb;growth;Zeb_growth;V4;V4;V4;32;Zeb_growth_V4;4;3;06/09/2026;Zeb_growth_V4_3;15.1;12.32;9.33;8.88;3.44;0.45;rhizosphere;RS;NA;245;NA;5/15/23;12;sample;0;rhizo_assembly;vegetative;9;3;late_vegetative;32;rhizosphere_growth;Zeb_late_vegetative;3;245
RS_246;RS_246;Zeb;growth;Zeb_growth;V4;V4;V4;32;Zeb_growth_V4;4;5;06/09/2026;Zeb_growth_V4_5;13;15.43;10.12;8.88;6.55;1.24;rhizosphere;RS;NA;246;NA;5/15/23;12;sample;0;rhizo_assembly;vegetative;9;3;late_vegetative;32;rhizosphere_growth;Zeb_late_vegetative;5;246
RS_289;RS_289;Zeb;growth;Zeb_growth;V4;V4;V4;32;Zeb_growth_V4;4;2;06/09/2026;Zeb_growth_V4_2;19.2;13.55;9.83;8.88;4.67;0.95;rhizosphere;RS;NA;289;NA;5/15/23;14;sample;0;rhizo_assembly;vegetative;9;3;late_vegetative;32;rhizosphere_growth;Zeb_late_vegetative;2;289
RS_290;RS_290;Zeb;growth;Zeb_growth;V4;V4;V4;32;Zeb_growth_V4;4;4;06/09/2026;Zeb_growth_V4_4;9.6;12.62;9.41;8.88;3.74;0.53;rhizosphere;RS;NA;290;NA;5/15/23;14;sample;0;rhizo_assembly;vegetative;9;3;late_vegetative;32;rhizosphere_growth;Zeb_late_vegetative;4;290
