"marker","design","treatment","compartment","directionality_mean","directionality_sd","directionality_q025","directionality_q975","cumulative_distance_mean","cumulative_distance_sd","cumulative_distance_q025","cumulative_distance_q975","beta_disp_mean","beta_disp_sd","beta_disp_q025","beta_disp_q975","n_trajectories","n_samples"
"ITS","Time","Control","rhizoplane",0.350983977556249,0.0109208005038248,0.32320871949876,0.36756098471863,4.45407644164038,0.204896194942993,4.07749990536278,4.77999403785489,0.501397615574239,0.0221603233085087,0.456361559136874,0.535054954225683,1,7
"ITS","Time","Control","rhizosphere",0.340411852219109,0.0104120292118264,0.320912315840905,0.360750680950039,4.03911655520505,0.23908903289883,3.67194593059937,4.50501100946372,0.449690983765131,0.0190765952370744,0.417965223778032,0.486365284581467,1,7
"ITS","Time","Zeb","rhizoplane",0.339847025949394,0.0107992466873527,0.319644547203743,0.36146184046907,4.53866155205047,0.214956045295483,4.19429596214511,4.94770845425867,0.505125900728755,0.0186194641530186,0.467638314401625,0.538619639669988,1,7
"ITS","Time","Zeb","rhizosphere",0.333802169830708,0.00845948906450107,0.318838153729834,0.349235117981624,3.93892030283912,0.182687147257554,3.52324574132492,4.22891173501577,0.431719659113632,0.0174946846365452,0.396391437829187,0.456874955584902,1,7
"ITS","Stage","Control","rhizoplane",0.345178082979145,0.0100554761996683,0.328796590036048,0.366794050573368,4.29225861198738,0.260562138433155,3.73500315457414,4.76613249211356,0.477862069659489,0.0229605455405185,0.438696503357762,0.516764665155566,1,7
"ITS","Stage","Control","rhizosphere",0.339606350723006,0.00862942488000158,0.32518660131348,0.358498442854332,3.93036387381703,0.16793965011478,3.63429321766562,4.27129769716089,0.433765959222551,0.0149717259846722,0.403195187774807,0.462665353991091,1,7
"ITS","Stage","Zeb","rhizoplane",0.340168360885414,0.0131869702323529,0.318349857567745,0.36752369473062,4.15445324921136,0.215639203255269,3.7845934384858,4.52107924290221,0.459592787297203,0.0250017901905377,0.422362691023815,0.513159321397391,1,7
"ITS","Stage","Zeb","rhizosphere",0.330233560961327,0.0109413548839405,0.312355946123089,0.354988511970878,3.88348961514196,0.217682577864093,3.42742157728706,4.29263769716088,0.426886323773563,0.0192863941129481,0.391908066490646,0.46447422245748,1,7
"16S","Time","Control","rhizoplane",0.387286986701237,0.0246128733612209,0.333903879303396,0.429488188434807,3.261571205,0.355138816996285,2.806291,3.984219525,0.406049843317399,0.0253173436028945,0.361044528089828,0.4580130170184,1,7
"16S","Time","Control","rhizosphere",0.351554545444365,0.00924183156629408,0.334996751943829,0.370982397682355,2.73362122,0.132831049769245,2.497991825,2.96844075,0.31284296342585,0.0134376046490873,0.291232783113829,0.340428275430217,1,7
"16S","Time","Zeb","rhizoplane",0.380167567707653,0.0154600877923605,0.346561464831177,0.405647162550788,3.148696065,0.186876526326994,2.8698483375,3.5924007,0.406446978459595,0.0136605425105727,0.38378010076159,0.437851393453601,1,7
"16S","Time","Zeb","rhizosphere",0.339374682371924,0.00889975357824633,0.323975680619683,0.356458348743249,2.79004557,0.167576123722018,2.5100962125,3.1241802,0.307618714034885,0.0144558352003283,0.279402081403111,0.335616028315949,1,7
"16S","Stage","Control","rhizoplane",0.360705769427437,0.024695900239242,0.313384942154538,0.39862757899957,3.488652395,0.367310843260726,2.974840475,4.2493636875,0.412793481881633,0.0232552810524226,0.371062584072065,0.45323942271613,1,7
"16S","Stage","Control","rhizosphere",0.356648474273491,0.0108833168711481,0.337286438774651,0.373069689615365,2.794292885,0.165909443235112,2.4869674125,3.1507033,0.318413376333017,0.0157436046132396,0.285924166809283,0.347904120096836,1,7
"16S","Stage","Zeb","rhizoplane",0.348866839354107,0.0159914605115396,0.319161755475888,0.376368467494473,3.268061295,0.201955607480527,2.919264725,3.71638035,0.381176240006378,0.0163437442842145,0.352081222730741,0.410595561609736,1,7
"16S","Stage","Zeb","rhizosphere",0.339244311531332,0.00606627307640598,0.327583035645912,0.350141400329664,2.779374865,0.095150385181783,2.6400858,2.99305615,0.308749724975475,0.00815428630651426,0.297216011075107,0.325761500685092,1,7
