asvID,fitstats.m,fitstats.m.ci,fitstats.poisLL,fitstats.Rsqr,fitstats.Rsqr.pois,fitstats.RMSE,fitstats.RMSE.pois,fitstats.AIC.pois,fitstats.BIC.pois,fitstats.N,fitstats.Samples,fitstats.Richness,fitstats.Detect,predictions.p,predictions.freq,predictions.freq.pred,predictions.pred.lwr,predictions.pred.upr,predictions.Taxon,predictions.Phylum,predictions.Class,predictions.Order,predictions.Family,predictions.Genus,predictions.Species,predictions.fit_class,above_CI,mean_relabund,log_mean,occupancy,stage_aggregate,IndVal.Stat,IndVal.p_value,IndVal.signif,stage_indicator
0ab5cb32341e00d827fbcc3266c47b68,0.000204404,4.25E-06,-7779.134284,0.753947962,-42.49479358,0.068200242,0.906757321,-15554.26857,-15539.12277,2.00E+06,24,14370,5.00E-07,0.007695438,1,1,0.862023795,1,d__Bacteria,p__Bdellovibrionota,c__Bdellovibrionia,o__Bdellovibrionales,f__Bdellovibrionaceae,g__Bdellovibrio,,Above prediction,TRUE,0.007695438,-2.113766685,1,early_vegetative,0.631,0.001,***,TRUE
194a54d3514c959141781baa536be83b,0.000204404,4.25E-06,-7779.134284,0.753947962,-42.49479358,0.068200242,0.906757321,-15554.26857,-15539.12277,2.00E+06,24,14370,5.00E-07,8.21E-05,0.541666667,0.234018875,0.109226103,0.432209779,d__Bacteria,p__Verrucomicrobiota,c__Chlamydiae,o__Chlamydiales,f__Simkaniaceae,g__uncultured,s__uncultured_bacterium,Above prediction,TRUE,8.21E-05,-4.085855257,0.541666667,early_vegetative,0.476,0.003,**,TRUE
233c60ad39befe5c50790d7f8eb9dfdc,0.000204404,4.25E-06,-7779.134284,0.753947962,-42.49479358,0.068200242,0.906757321,-15554.26857,-15539.12277,2.00E+06,24,14370,5.00E-07,0.00432425,1,0.999999817,0.86202348,1,d__Bacteria,p__Verrucomicrobiota,c__Verrucomicrobiae,o__Verrucomicrobiales,f__Rubritaleaceae,g__Luteolibacter,,Above prediction,TRUE,0.00432425,-2.364089206,1,early_vegetative,0.556,0.001,***,TRUE
25c9aa2cb09b258e40a2294aed981c09,0.000204404,4.25E-06,-7779.134284,0.753947962,-42.49479358,0.068200242,0.906757321,-15554.26857,-15539.12277,2.00E+06,24,14370,5.00E-07,0.000244271,0.75,0.550081938,0.35825095,0.728092694,d__Bacteria,p__Bacteroidota,c__Bacteroidia,o__Chitinophagales,f__Chitinophagaceae,g__Aurantisolimonas,s__uncultured_bacterium,Above prediction,TRUE,0.000244271,-3.612128386,0.75,early_vegetative,0.481,0.023,*,TRUE
2d06e87e1549824dbfe3577168a6cb4a,0.000204404,4.25E-06,-7779.134284,0.753947962,-42.49479358,0.068200242,0.906757321,-15554.26857,-15539.12277,2.00E+06,24,14370,5.00E-07,1.94E-05,0.375,0.060913393,0.013965473,0.22902832,d__Bacteria,p__Bacteroidota,c__Bacteroidia,o__Chitinophagales,f__Chitinophagaceae,g__uncultured,,Above prediction,TRUE,1.94E-05,-4.712291556,0.375,early_vegetative,0.428,0.01,**,TRUE
31435291230fc022bf014e8de993e88e,0.000204404,4.25E-06,-7779.134284,0.753947962,-42.49479358,0.068200242,0.906757321,-15554.26857,-15539.12277,2.00E+06,24,14370,5.00E-07,3.60E-05,0.333333333,0.110054872,0.035762142,0.2919539,d__Bacteria,p__Fibrobacterota,c__Fibrobacteria,o__Fibrobacterales,f__Fibrobacteraceae,g__uncultured,s__uncultured_bacterium,Above prediction,TRUE,3.60E-05,-4.444200446,0.333333333,early_vegetative,0.415,0.009,**,TRUE
4779015380aff50982d3ab653b9bcd6f,0.000204404,4.25E-06,-7779.134284,0.753947962,-42.49479358,0.068200242,0.906757321,-15554.26857,-15539.12277,2.00E+06,24,14370,5.00E-07,1.19E-05,0.208333333,0.03780044,0.006255891,0.196890072,d__Bacteria,p__Chloroflexi,c__Anaerolineae,o__SBR1031,f__SBR1031,g__SBR1031,s__uncultured_bacterium,Above prediction,TRUE,1.19E-05,-4.924605129,0.208333333,early_vegetative,0.406,0.002,**,TRUE
4e8d95347cde4d2863f6fc4e3eb6c03e,0.000204404,4.25E-06,-7779.134284,0.753947962,-42.49479358,0.068200242,0.906757321,-15554.26857,-15539.12277,2.00E+06,24,14370,5.00E-07,3.80E-05,0.375,0.115816626,0.038674641,0.298974939,d__Bacteria,p__Proteobacteria,c__Gammaproteobacteria,o__Burkholderiales,f__SC-I-84,g__SC-I-84,,Above prediction,TRUE,3.80E-05,-4.420692865,0.375,early_vegetative,0.392,0.043,*,TRUE
542366b915467aba70166a5c51d0d99a,0.000204404,4.25E-06,-7779.134284,0.753947962,-42.49479358,0.068200242,0.906757321,-15554.26857,-15539.12277,2.00E+06,24,14370,5.00E-07,5.22E-05,0.625,0.155772577,0.060436763,0.346098777,d__Bacteria,p__Bacteroidota,c__Bacteroidia,o__Chitinophagales,f__Chitinophagaceae,g__Ferruginibacter,,Above prediction,TRUE,5.22E-05,-4.282433507,0.625,early_vegetative,0.519,0.002,**,TRUE
71fa7ee51309206be8a361a597f84f37,0.000204404,4.25E-06,-7779.134284,0.753947962,-42.49479358,0.068200242,0.906757321,-15554.26857,-15539.12277,2.00E+06,24,14370,5.00E-07,9.94E-05,0.583333333,0.276125823,0.138098343,0.475931922,d__Bacteria,p__Proteobacteria,c__Gammaproteobacteria,o__Burkholderiales,f__Oxalobacteraceae,g__Massilia,,Above prediction,TRUE,9.94E-05,-4.002631821,0.583333333,early_vegetative,0.538,0.001,***,TRUE
731d9d7f7bce53a7dd5d190aabdedb5d,0.000204404,4.25E-06,-7779.134284,0.753947962,-42.49479358,0.068200242,0.906757321,-15554.26857,-15539.12277,2.00E+06,24,14370,5.00E-07,0.007446333,1,1,0.862023795,1,d__Bacteria,p__Proteobacteria,c__Gammaproteobacteria,o__Burkholderiales,f__Methylophilaceae,g__Methylophilus,,Above prediction,TRUE,0.007446333,-2.128057527,1,early_vegetative,0.544,0.017,*,TRUE
8a4f558f7acdc2d3e22afe553aba4d55,0.000204404,4.25E-06,-7779.134284,0.753947962,-42.49479358,0.068200242,0.906757321,-15554.26857,-15539.12277,2.00E+06,24,14370,5.00E-07,2.43E-05,0.375,0.075708312,0.019872653,0.248628284,d__Bacteria,p__Bacteroidota,c__Bacteroidia,o__Chitinophagales,f__Chitinophagaceae,,,Above prediction,TRUE,2.43E-05,-4.614542687,0.375,early_vegetative,0.396,0.038,*,TRUE
945d0878c3e150318580a1eb58e9ed91,0.000204404,4.25E-06,-7779.134284,0.753947962,-42.49479358,0.068200242,0.906757321,-15554.26857,-15539.12277,2.00E+06,24,14370,5.00E-07,3.92E-06,0.166666667,0.012602632,0.00086194,0.158841802,d__Bacteria,p__Proteobacteria,c__Gammaproteobacteria,o__Diplorickettsiales,f__Diplorickettsiaceae,g__uncultured,s__uncultured_bacterium,Above prediction,TRUE,3.92E-06,-5.407083388,0.166666667,early_vegetative,0.329,0.038,*,TRUE
9ff31e8cdf9ccd6d907cd3118df1a014,0.000204404,4.25E-06,-7779.134284,0.753947962,-42.49479358,0.068200242,0.906757321,-15554.26857,-15539.12277,2.00E+06,24,14370,5.00E-07,1.44E-05,0.208333333,0.045630109,0.008628289,0.208016394,d__Bacteria,p__Planctomycetota,c__Phycisphaerae,o__Phycisphaerales,f__Phycisphaeraceae,g__AKYG587,s__uncultured_bacterium,Above prediction,TRUE,1.44E-05,-4.841135143,0.208333333,early_vegetative,0.412,0.004,**,TRUE
aadec77907d123f0b759b39458eb1f67,0.000204404,4.25E-06,-7779.134284,0.753947962,-42.49479358,0.068200242,0.906757321,-15554.26857,-15539.12277,2.00E+06,24,14370,5.00E-07,1.90E-05,0.333333333,0.059770701,0.013537578,0.22748616,d__Bacteria,p__Bacteroidota,c__Bacteroidia,o__Chitinophagales,f__Chitinophagaceae,g__Segetibacter,s__uncultured_Chitinophagaceae,Above prediction,TRUE,1.90E-05,-4.72077046,0.333333333,early_vegetative,0.416,0.007,**,TRUE
ae722faca607d8e908f3d8ee654c5b91,0.000204404,4.25E-06,-7779.134284,0.753947962,-42.49479358,0.068200242,0.906757321,-15554.26857,-15539.12277,2.00E+06,24,14370,5.00E-07,0.000148313,0.666666667,0.38314321,0.217966138,0.580567195,d__Bacteria,p__Proteobacteria,c__Gammaproteobacteria,o__Burkholderiales,f__Oxalobacteraceae,g__Duganella,,Above prediction,TRUE,0.000148313,-3.828822244,0.666666667,early_vegetative,0.5,0.006,**,TRUE
ae9c53c962a24f0114331826aa76a3ea,0.000204404,4.25E-06,-7779.134284,0.753947962,-42.49479358,0.068200242,0.906757321,-15554.26857,-15539.12277,2.00E+06,24,14370,5.00E-07,1.93E-05,0.333333333,0.060532646,0.013822416,0.228514952,d__Bacteria,p__Planctomycetota,c__Phycisphaerae,o__mle1-8,f__mle1-8,g__mle1-8,s__uncultured_bacterium,Above prediction,TRUE,1.93E-05,-4.715099505,0.333333333,early_vegetative,0.381,0.04,*,TRUE
bb0aedec2dd0c49296f91fdb068dc100,0.000204404,4.25E-06,-7779.134284,0.753947962,-42.49479358,0.068200242,0.906757321,-15554.26857,-15539.12277,2.00E+06,24,14370,5.00E-07,4.32E-05,0.416666667,0.130651127,0.046451129,0.316773837,d__Bacteria,p__Bacteroidota,c__Bacteroidia,o__Chitinophagales,f__Chitinophagaceae,g__Lacibacter,s__uncultured_bacterium,Above prediction,TRUE,4.32E-05,-4.364851486,0.416666667,early_vegetative,0.471,0.008,**,TRUE
bfd0c6033a677c2648b7f643dff94605,0.000204404,4.25E-06,-7779.134284,0.753947962,-42.49479358,0.068200242,0.906757321,-15554.26857,-15539.12277,2.00E+06,24,14370,5.00E-07,6.09E-05,0.583333333,0.179407436,0.074411649,0.372871513,d__Bacteria,p__Bacteroidota,c__SJA-28,o__SJA-28,f__SJA-28,g__SJA-28,s__uncultured_Ignavibacterium,Above prediction,TRUE,6.09E-05,-4.215263869,0.583333333,early_vegetative,0.428,0.044,*,TRUE
ce13c9937bcc31fbb83e7c674ebbc49c,0.000204404,4.25E-06,-7779.134284,0.753947962,-42.49479358,0.068200242,0.906757321,-15554.26857,-15539.12277,2.00E+06,24,14370,5.00E-07,0.000383625,0.916666667,0.71659561,0.516668815,0.856752324,d__Bacteria,p__Spirochaetota,c__Leptospirae,o__Leptospirales,f__Leptospiraceae,g__Turneriella,s__metagenome,Above prediction,TRUE,0.000383625,-3.416093099,0.916666667,early_vegetative,0.534,0.006,**,TRUE
d8dc5ac29e139922d89aa75a26d332dc,0.000204404,4.25E-06,-7779.134284,0.753947962,-42.49479358,0.068200242,0.906757321,-15554.26857,-15539.12277,2.00E+06,24,14370,5.00E-07,3.90E-05,0.708333333,0.118683855,0.040147198,0.302445621,d__Bacteria,p__Verrucomicrobiota,c__Verrucomicrobiae,o__Verrucomicrobiales,f__Rubritaleaceae,g__Luteolibacter,,Above prediction,TRUE,3.90E-05,-4.409399631,0.708333333,early_vegetative,0.475,0.007,**,TRUE
e72e3f718f18cdb58c2d6d03483c22d4,0.000204404,4.25E-06,-7779.134284,0.753947962,-42.49479358,0.068200242,0.906757321,-15554.26857,-15539.12277,2.00E+06,24,14370,5.00E-07,9.20E-05,0.458333333,0.258342371,0.125708821,0.457661926,d__Bacteria,p__Bacteroidota,c__Bacteroidia,o__Chitinophagales,f__Chitinophagaceae,g__Segetibacter,s__uncultured_Chitinophagaceae,Above prediction,TRUE,9.20E-05,-4.036408909,0.458333333,early_vegetative,0.469,0.002,**,TRUE
ecdf0200cd32e230808ab657134fbfb3,0.000204404,4.25E-06,-7779.134284,0.753947962,-42.49479358,0.068200242,0.906757321,-15554.26857,-15539.12277,2.00E+06,24,14370,5.00E-07,0.002221354,1,0.999538433,0.861229355,0.999998677,d__Bacteria,p__Bacteroidota,c__Bacteroidia,o__Cytophagales,f__Spirosomaceae,g__Emticicia,,Above prediction,TRUE,0.002221354,-2.653382193,1,early_vegetative,0.547,0.007,**,TRUE
fc8565afdae893c3381e1dffd557d696,0.000204404,4.25E-06,-7779.134284,0.753947962,-42.49479358,0.068200242,0.906757321,-15554.26857,-15539.12277,2.00E+06,24,14370,5.00E-07,4.29E-05,0.541666667,0.129826845,0.04600905,0.315794814,d__Bacteria,p__Verrucomicrobiota,c__Verrucomicrobiae,o__Verrucomicrobiales,f__Rubritaleaceae,g__Luteolibacter,,Above prediction,TRUE,4.29E-05,-4.367795867,0.541666667,early_vegetative,0.481,0.008,**,TRUE
fdf2370fc41547ac42d5e53ffe0ee590,0.000204404,4.25E-06,-7779.134284,0.753947962,-42.49479358,0.068200242,0.906757321,-15554.26857,-15539.12277,2.00E+06,24,14370,5.00E-07,0.000123854,0.666666667,0.331722251,0.178514914,0.531366239,d__Bacteria,p__NB1-j,c__NB1-j,o__NB1-j,f__NB1-j,g__NB1-j,s__uncultured_bacterium,Above prediction,TRUE,0.000123854,-3.907089378,0.666666667,early_vegetative,0.465,0.037,*,TRUE