asvID,stage_aggregate,IndVal.Stat,IndVal.p_value,IndVal.signif
9114b34e64e166dd860ea27bb88b8653,early_reproductive,0.653,0.001,***
dab1160ee7a4ecf9945086ff09f99528,early_reproductive,0.641,0.001,***
fd5b071815bc291f66c5044cec6fae84,early_reproductive,0.597,0.001,***
43b2e3e5f165023dd3a27b01091fcfe5,early_reproductive,0.596,0.001,***
2ddb2315655147f4e7edba9441e48d42,early_reproductive,0.593,0.001,***
f65ffe1c651739ab1a6c9350b39ac19c,early_reproductive,0.585,0.001,***
9d36f38237cb959e9678c0ada88437a0,early_reproductive,0.565,0.012,*
3f95aa1b372a657401dcde0038bfb884,early_reproductive,0.562,0.001,***
0e5904cce9d72b93be39f01ac8a8865d,early_reproductive,0.562,0.002,**
85c07b5f1b5c2f044e099073f4d94ec8,early_reproductive,0.559,0.007,**
824156f70568e29dfafcfe9fa530f404,early_reproductive,0.558,0.001,***
930bd976bb670c25f689d7d0c8a0e12e,early_reproductive,0.549,0.002,**
0355325d71ce1e2e1ee105237ea2604d,early_reproductive,0.544,0.001,***
053c09f43a8ca677723e10f2650f95aa,early_reproductive,0.53,0.01,**
1390be990b3eede8ecc6bc9d45d2f008,early_reproductive,0.524,0.004,**
d2b9af2b46a3090bdaab1cedbd33c87b,early_reproductive,0.521,0.001,***
e85685f382b9280b7967fedf480bbe16,early_reproductive,0.517,0.04,*
2234a31ce0725868fb7d7b0e667ac19a,early_reproductive,0.512,0.004,**
d3ac14e193d870746f08f2e205a904d2,early_reproductive,0.511,0.027,*
1bc8f2b685c3fd1699eee11ba295b884,early_reproductive,0.507,0.003,**
781f3ecd8f2de76cc7b5f43420826aa9,early_reproductive,0.506,0.032,*
2141c7953f25a1c4be8b0a47a28a157f,early_reproductive,0.505,0.017,*
e2700aefa86b128937c05f4f4dd45b71,early_reproductive,0.505,0.03,*
a21918b3d8ba1679e45d6082cbef089e,early_reproductive,0.503,0.033,*
acc9603a819dc23a606ac6c1b9105b6d,early_reproductive,0.502,0.003,**
6f34357583f023d72daa5784b95fc2b6,early_reproductive,0.488,0.017,*
de097efe3139f55f3d7c76497da45b4c,early_reproductive,0.483,0.046,*
5aa5614c3b98c2b8abeda2760ee15d2f,early_reproductive,0.483,0.049,*
74a26e97b02fcab82b0d346de4920f75,early_reproductive,0.48,0.038,*
5c4caeb3f2bdae5a4d000f2cfe8b2f22,early_reproductive,0.478,0.006,**
a0b84d1e743c5c63fa472ebb0e5f920e,early_reproductive,0.47,0.047,*
a611900bc993d70d44c9cfab9bc41e0c,early_reproductive,0.467,0.019,*
4bd81aaf48f50e2c8ed88598c4f021bd,early_reproductive,0.465,0.006,**
771687c9b099f2eadca287dc3ea3ef38,early_reproductive,0.465,0.02,*
2f9378e789b20de27ae45a88e53f5874,early_reproductive,0.464,0.035,*
f39426b3c4a8c5a412fc9ea45b19de57,early_reproductive,0.46,0.037,*
15a8dfdce0f799e6668e6c596479e062,early_reproductive,0.459,0.002,**
607f525b2eb88291bafdd8b73c57a2d2,early_reproductive,0.456,0.037,*
df6eabe2fd3f610e14197a9f2856f7df,early_reproductive,0.444,0.001,***
5433577fc00db5d95ead26e72c153f9e,early_reproductive,0.439,0.022,*
6ca740bf7d917bed5188b292b95561ef,early_reproductive,0.438,0.043,*
1b3d9b3ddf240ed8b528854343b733eb,early_reproductive,0.436,0.032,*
f4eba47d5f1d4d4d98df4a058be55fd1,early_reproductive,0.435,0.05,*
63f2215d91283e3b2fea68d22e6af38a,early_reproductive,0.435,0.005,**
93fa99be8ff07d8f368273a60a1e0fbc,early_reproductive,0.434,0.018,*
bbd4834377a28435b34904d56cb8c808,early_reproductive,0.434,0.021,*
ebf218386e4aa0d5a43400687f6bb635,early_reproductive,0.433,0.039,*
fd7a29a224c0789cd1cd690a83fe9054,early_reproductive,0.433,0.025,*
c252134efa44f25e744c20e9ade0781e,early_reproductive,0.431,0.028,*
dba0b3e16869a2606150c875dc614bd4,early_reproductive,0.424,0.02,*
8c83fe5d444479bd20ab5ab54d7c689e,early_reproductive,0.424,0.038,*
713c59992366b72b9f6fefd3d648d20f,early_reproductive,0.42,0.01,**
806da84a4d3359c4137830fbb8a2cf63,early_reproductive,0.418,0.022,*
b7ca85390cc6dd515fdbfcb78c14ff50,early_reproductive,0.41,0.007,**
c97490def9c4f565cb1d84f6743f2d2f,early_reproductive,0.41,0.027,*
840da214791d4f4a6f3f743366731c59,early_reproductive,0.409,0.04,*
2cee54b259de60b087645d239bb06f80,early_reproductive,0.407,0.045,*
cb8dba1649ca533b602420bf10410f37,early_reproductive,0.407,0.005,**
c3724351a313ed192fbcce483f2fa135,early_reproductive,0.405,0.044,*
0e55aff32d7738adea4c10f250e5a909,early_reproductive,0.403,0.004,**
0e5579fed2730f8d8d3f99d32ceedf10,early_reproductive,0.398,0.026,*
5aec356aed59e21865396db8d82ec7fb,early_reproductive,0.384,0.021,*
2f031a61a320cf2abf5952f3deedcb36,early_reproductive,0.382,0.022,*
19c20277544db8e1e20e01b8287eb531,early_reproductive,0.379,0.027,*
550307adc7e7afd39589fb0e39d888b9,early_reproductive,0.372,0.014,*
0bbc4df72b4d6a893b7636cee618af81,early_reproductive,0.371,0.005,**
aaeab8fbd9455c29f890c288bb1bc791,early_reproductive,0.371,0.005,**
dc7c724bdc4eedcdd36e7c8d69fe24f7,early_reproductive,0.371,0.003,**
f313427b557a4d4339ef21a29763cecf,early_reproductive,0.371,0.003,**
7996452c1e46ea328f836387b5f582f7,early_reproductive,0.371,0.027,*
de7a4065fd07e57002bbb9592bd74829,early_reproductive,0.369,0.016,*
aa3fc89e605de7071791b46577ecf5b2,early_reproductive,0.368,0.043,*
4defa62abed8f09a0cb3c7c927caa69a,early_reproductive,0.367,0.008,**
3a1dde207e40b02833a6d2aadc1af504,early_reproductive,0.366,0.032,*
afeda9a58af83b574843c845c3fc4b95,early_reproductive,0.365,0.032,*
4240cbdefb886ef8e0b16e50862861b4,early_reproductive,0.364,0.05,*
f48cbba2fe7a2cba3df1c5bcffc1fa83,early_reproductive,0.362,0.047,*
8e2d4eaee5ec9a47a57ee92bcbe2401e,early_reproductive,0.353,0.02,*
e04265a1b5b74d599d1000ac0f280268,early_reproductive,0.35,0.031,*
7d08d82ed652f975c1ff8c3803fd9ad5,early_reproductive,0.349,0.013,*
5547a07702b4018c260d3e7afd0401ad,early_reproductive,0.348,0.016,*
71a5753d4ed729be6a99181a1a8b2af3,early_reproductive,0.347,0.014,*
c9be8534f37142af695c361a543b5d64,early_reproductive,0.346,0.019,*
6b0a31ee1e1814a22babbdb704a799dc,early_reproductive,0.345,0.026,*
a65c706eaa609934e88a5140b01ea0cf,early_reproductive,0.345,0.026,*
53f5d615c13f608ef4be3082f4d3053d,early_reproductive,0.342,0.025,*
515e339b1ab0d19e3c8dc38836cd0d37,early_reproductive,0.342,0.028,*
d946ea07d9e714e8ae1b3541a3b1874b,early_reproductive,0.342,0.041,*
489e4d66986ac33b4352346c7e2b1f16,early_reproductive,0.341,0.019,*
ea0bbaf81f4350ee14ad360bddf0a386,early_reproductive,0.34,0.036,*
6727bb2c91a7a6b0489e814af3bb9cbc,early_reproductive,0.336,0.013,*
5daf4a23889b6428b64a43bfb1bcfde4,early_reproductive,0.335,0.029,*
1926b054d212095e681a448fc367bd12,early_reproductive,0.332,0.026,*
390c65c3131be9ea4d1f6f7440efe316,early_reproductive,0.331,0.024,*
29f5776f742a007c913db3bececbba42,early_reproductive,0.327,0.042,*
0ef77bca16ca614be877aede3a634e5d,early_reproductive,0.322,0.03,*
1edd118ad11c57ce9521c2a891318df9,early_reproductive,0.322,0.026,*
1fa8e219643364d72f9154aa78a67a5e,early_reproductive,0.322,0.028,*
2aab3eee90b5ceba238c14cb04b4daf3,early_reproductive,0.322,0.022,*
707b8105824f27531b9a5ff607789f80,early_reproductive,0.322,0.03,*
81e23e8395a77711bc6a9187f50c0037,early_reproductive,0.322,0.029,*
a6080e0175686e4e90f116368b6e1813,early_reproductive,0.322,0.027,*
ad9a2891db6ba9999f6d8183a70736c6,early_reproductive,0.322,0.03,*
b7fba5517117930c8311de45d5b1ff01,early_reproductive,0.322,0.028,*
d5e18bc271e197647f42a4148b6cfa34,early_reproductive,0.322,0.023,*
ea6031381e85e52571aaa39061934760,early_reproductive,0.322,0.014,*
fee8af3eb24328a4717afcb23774d468,early_reproductive,0.322,0.033,*
a7983f7cbade05af59dd84c60d359eb6,early_reproductive,0.322,0.017,*
f31236cec39e3b76a7a4c8e493ab5916,early_reproductive,0.322,0.022,*
6f9d18323a06678f296e74d6fb9b4e38,early_reproductive,0.317,0.037,*
bf3f0c7fa2e832cc2e0e13adf1bdf91d,early_reproductive,0.316,0.05,*
693e9d97da73ae081267769114a6a8e7,early_reproductive,0.316,0.05,*
4b000faecd2c9f41cbbe03f7e54897d3,early_reproductive,0.315,0.031,*
82728c2aecdcc0f8fe151bbcc9245336,early_reproductive,0.314,0.049,*
c341639b5964f54749a6507dc61e6c51,early_reproductive,0.309,0.041,*
ffe7562fd23b45b6c2bf8fafc8f8d02b,early_reproductive,0.309,0.029,*
e8b014bf381624364ba5ba9fcdd27327,early_reproductive,0.305,0.046,*
324524d6c7b2b2b3125108ae93e7ae98,early_reproductive,0.302,0.044,*
9188a1b8a2ad1d983ebe9206f7590e79,early_vegetative,0.774,0.001,***
f37fc1dccfeba0004cbeb4f1ad6083c6,early_vegetative,0.66,0.001,***
3e1a26e59596ea4b27910d21a7f2685f,early_vegetative,0.646,0.001,***
0ab5cb32341e00d827fbcc3266c47b68,early_vegetative,0.631,0.001,***
868e0165fe32a8925b7f20afa5e1dbfc,early_vegetative,0.619,0.021,*
fb6efb4867f95bb6bb485d0e97b313e4,early_vegetative,0.599,0.001,***
8735f92a7f18db944bc862777fbd3222,early_vegetative,0.592,0.002,**
cb7242fb2a2ccdda6e2ead2c5f13e097,early_vegetative,0.589,0.001,***
0c8d3a74f2c74aa95c84845849827bed,early_vegetative,0.588,0.001,***
3360a4f1b7b87aec23c58d4027df4e54,early_vegetative,0.586,0.001,***
dd8229814f2d127e61ac92c5d275db8b,early_vegetative,0.586,0.001,***
3f47bd72920a393dc1fc141fbc244fbe,early_vegetative,0.577,0.001,***
233c60ad39befe5c50790d7f8eb9dfdc,early_vegetative,0.556,0.001,***
dd3737648847e904e169e01d8ca902b4,early_vegetative,0.556,0.005,**
a1a0caba36010f7d04672057b9419e73,early_vegetative,0.554,0.015,*
95a5ac4d274e86578dc219f833cfb18a,early_vegetative,0.549,0.002,**
ecdf0200cd32e230808ab657134fbfb3,early_vegetative,0.547,0.007,**
367fd0532f406448a26bcca3b54e8e2b,early_vegetative,0.546,0.004,**
731d9d7f7bce53a7dd5d190aabdedb5d,early_vegetative,0.544,0.017,*
71fa7ee51309206be8a361a597f84f37,early_vegetative,0.538,0.001,***
ce13c9937bcc31fbb83e7c674ebbc49c,early_vegetative,0.534,0.006,**
1225347ee9208076df507676ba6503e7,early_vegetative,0.534,0.004,**
bf21086c14807a4382de078e0c7b6ff9,early_vegetative,0.525,0.001,***
c1aff5b39b852ad01c74231c921af653,early_vegetative,0.522,0.014,*
542366b915467aba70166a5c51d0d99a,early_vegetative,0.519,0.002,**
26c6e3ed14694582e207478c1f23c21f,early_vegetative,0.518,0.013,*
c06ccd1f7d57566ef669942328b1a946,early_vegetative,0.518,0.021,*
d4d0332abcd8e0f165ff77ffb968a4ff,early_vegetative,0.518,0.025,*
132ffe9a542685a423a59236950b46b0,early_vegetative,0.515,0.027,*
4258f737dc7eddabe5676f2de2276614,early_vegetative,0.512,0.026,*
b3d99500a196f8deeff625c44f1fe837,early_vegetative,0.501,0.015,*
ae722faca607d8e908f3d8ee654c5b91,early_vegetative,0.5,0.006,**
ac68c7c702432c26bc13677cb4c1ea8f,early_vegetative,0.497,0.009,**
9e8e9ad79dcd2677c7e792f7df2f212e,early_vegetative,0.493,0.038,*
d9ea61005643a4051b118703705322ae,early_vegetative,0.492,0.002,**
a0b9c413db1dc97e273db823b71d0a07,early_vegetative,0.489,0.016,*
971cd633ca316d4607234c1a7c3bf13b,early_vegetative,0.482,0.03,*
25c9aa2cb09b258e40a2294aed981c09,early_vegetative,0.481,0.023,*
fc8565afdae893c3381e1dffd557d696,early_vegetative,0.481,0.008,**
2173ff99b55e25f3178d3943d534facc,early_vegetative,0.478,0.007,**
194a54d3514c959141781baa536be83b,early_vegetative,0.476,0.003,**
d8dc5ac29e139922d89aa75a26d332dc,early_vegetative,0.475,0.007,**
5ca07e21588e00bf6b9a83b9c48cc662,early_vegetative,0.475,0.001,***
c1c29e86eca994731a7345f692c22835,early_vegetative,0.474,0.003,**
bb0aedec2dd0c49296f91fdb068dc100,early_vegetative,0.471,0.008,**
467e7d84670224e62aa812de6d656354,early_vegetative,0.47,0.004,**
6e4b50a611f333bfb12f3b9a4a9e8b61,early_vegetative,0.469,0.026,*
e72e3f718f18cdb58c2d6d03483c22d4,early_vegetative,0.469,0.002,**
72ad1b56585769b6a6045acb3eb365b1,early_vegetative,0.467,0.021,*
fe1cc86cf46ceb9f3e5f9ee679b2bf7a,early_vegetative,0.467,0.048,*
fdf2370fc41547ac42d5e53ffe0ee590,early_vegetative,0.465,0.037,*
fac8b46a31d2440c45932303e91b9270,early_vegetative,0.462,0.026,*
289c294a3963b6e58cb16f57aca2cf14,early_vegetative,0.459,0.028,*
39a9abf776fb410837c24036ce0d1f93,early_vegetative,0.457,0.002,**
a7feba2258d68c0dff63e69eb96a4d9e,early_vegetative,0.456,0.026,*
584dbd9cf4b609aecf37caf15ee9ebab,early_vegetative,0.441,0.037,*
832d757862b1cd50026e97b4bdacb7ad,early_vegetative,0.44,0.011,*
60933de335c7464f51fffcd2152a39a6,early_vegetative,0.44,0.014,*
b5f1ba080197e03a7d88e886044aa993,early_vegetative,0.44,0.001,***
a96f0f375d5264ccb0c32f606accfa84,early_vegetative,0.437,0.01,**
1125bb5314bcbd29ac1eba0a15f992ba,early_vegetative,0.436,0.006,**
f2fab476b786650bfa118d8435d8fe3d,early_vegetative,0.434,0.004,**
bfd0c6033a677c2648b7f643dff94605,early_vegetative,0.428,0.044,*
2d06e87e1549824dbfe3577168a6cb4a,early_vegetative,0.428,0.01,**
80fd9545ae407c2e55826f724434d1ee,early_vegetative,0.425,0.009,**
4713350e0d2825523ff2f2e18e53193f,early_vegetative,0.421,0.022,*
2c938e2bd6559ccf718f136edfe18e5a,early_vegetative,0.416,0.041,*
aadec77907d123f0b759b39458eb1f67,early_vegetative,0.416,0.007,**
31435291230fc022bf014e8de993e88e,early_vegetative,0.415,0.009,**
1c475305b4af403c167d04019390e2d2,early_vegetative,0.412,0.025,*
9ff31e8cdf9ccd6d907cd3118df1a014,early_vegetative,0.412,0.004,**
851541e793e5310ceaa35b41a4321288,early_vegetative,0.411,0.01,**
30b02912d890d56769544ec2bbd0bff3,early_vegetative,0.408,0.001,***
3eb81f5100bc13499000f7d08bbdd30b,early_vegetative,0.408,0.002,**
4779015380aff50982d3ab653b9bcd6f,early_vegetative,0.406,0.002,**
8a4f558f7acdc2d3e22afe553aba4d55,early_vegetative,0.396,0.038,*
6c4cbdd27c2679c9cf2605a3ea4c9a98,early_vegetative,0.395,0.024,*
ead3137aa19dbb4797255c6ed7136e2e,early_vegetative,0.394,0.015,*
4e8d95347cde4d2863f6fc4e3eb6c03e,early_vegetative,0.392,0.043,*
037a3d95688a924e2fecbf6183bd8a6f,early_vegetative,0.392,0.017,*
cc4fa52df98f9d4de628bfe629d27f2b,early_vegetative,0.391,0.025,*
d1dc00e07d92df48379825f2145fcbab,early_vegetative,0.391,0.022,*
a332f9394dab6f6e1f52175ec90d9f93,early_vegetative,0.391,0.007,**
ae9c53c962a24f0114331826aa76a3ea,early_vegetative,0.381,0.04,*
68a779e22fc9ca6e3ec32f9ec81da49f,early_vegetative,0.375,0.028,*
f237917d09e58a0359a5ef496ab82986,early_vegetative,0.374,0.029,*
ce45a92d7fdc9e67a108221c9261f070,early_vegetative,0.372,0.007,**
26b1971c6cb495aef3d6ee9da3e0b47c,early_vegetative,0.369,0.02,*
c6ecf0fe8c87aa11b74dc6516b34b904,early_vegetative,0.369,0.038,*
4923b6b3a19a7222d53349f14cbe1801,early_vegetative,0.368,0.008,**
968c46bd79bc766f50239244b62f6572,early_vegetative,0.365,0.022,*
797247d2dd530fafa14af5ebceef47cd,early_vegetative,0.364,0.027,*
5d5a3e5269dfe3bdbb25e5cc7b96efc4,early_vegetative,0.364,0.008,**
ff4bc60c63c187a314fcd7f9a6d527ca,early_vegetative,0.363,0.013,*
7c8a53e765ead8d1fd5fd818bf6c25e7,early_vegetative,0.36,0.014,*
280ef8e7988055cbbbc87cab4a180e0d,early_vegetative,0.358,0.023,*
9f8d66131417ccf74e98a1ee3921ad51,early_vegetative,0.354,0.025,*
09f9e085e5f62c33da52fb6f51e7bc8b,early_vegetative,0.354,0.013,*
3ff70c650605c9a293f2fa7dda0459ca,early_vegetative,0.354,0.014,*
4ef0188534aea2d5863a132b68a19ad3,early_vegetative,0.354,0.005,**
54abcb43ccdd833dba6e8bdfbd8705bb,early_vegetative,0.354,0.007,**
a57e5dd7af17153dad0b02c3cda58f8a,early_vegetative,0.354,0.008,**
c07f9d559012cdc8472763a62dd5a1f6,early_vegetative,0.354,0.011,*
d5ab9e0c14eb4560531e50508cceb5fa,early_vegetative,0.354,0.013,*
3ac38ebecb9b9313d501bc26481bb2b0,early_vegetative,0.354,0.012,*
2db7d7619de7eeb48a3eda5c3e4deac3,early_vegetative,0.347,0.041,*
937bd3c29d5e858c8de5f67878e9e559,early_vegetative,0.346,0.03,*
455fd179310d279229fba899a8e2f532,early_vegetative,0.339,0.013,*
a85aea31b73ff22bf3159108952ed788,early_vegetative,0.337,0.036,*
acf8c78ed82109bf2ae939a28fba8264,early_vegetative,0.335,0.008,**
7b7bb740c3cb493fceb5db1b48839176,early_vegetative,0.331,0.039,*
780380bb1e1022151e5eeb8cfd52d803,early_vegetative,0.331,0.013,*
3888fe368210ce7b96ea5b70cef0724f,early_vegetative,0.33,0.034,*
8b49e37e3c87b34b3cf8fa98e87b9e56,early_vegetative,0.33,0.034,*
945d0878c3e150318580a1eb58e9ed91,early_vegetative,0.329,0.038,*
e68c674b1a1a7605afd87276062dc93e,early_vegetative,0.328,0.035,*
0b6355654dd5b4b4f781e1c415b4074a,early_vegetative,0.326,0.018,*
53a834054b06ef34c3851bc289cc4041,early_vegetative,0.326,0.012,*
20e0b732fccc74ff7aa1dccee6d8fba5,early_vegetative,0.32,0.018,*
1bccbc21e07e911865236f59b9c5b4c4,early_vegetative,0.319,0.037,*
7fc2e146a1e61c564671924611206bd5,early_vegetative,0.319,0.022,*
2843c78044fedad90fe92c78eaee9311,early_vegetative,0.317,0.029,*
a3bf7d9e96ae860779bc5b3eb8218c86,early_vegetative,0.313,0.036,*
da51f07411f7561b7dc45fa8d1de48c5,early_vegetative,0.308,0.037,*
1ac6ddf3f4409324917204d6f5e5dfc3,early_vegetative,0.306,0.044,*
c4523adc4ee50cb3be9421dc6b45bd89,early_vegetative,0.301,0.032,*
851a8bebceefc613bc70785566ad4fb6,early_vegetative,0.301,0.043,*
8a227b219f1974205b9579b51144683c,early_vegetative,0.301,0.038,*
13dc63bb834bd1c60ab555f4e5c9521e,early_vegetative,0.298,0.047,*
5df2766218eebd77c3eb53867ddea314,early_vegetative,0.289,0.05,*
39c2c005200cd91058804bb62eab79c8,early_vegetative,0.27,0.047,*
6516754b481a8200eebec4446cc13a01,early_vegetative,0.262,0.043,*
e28abec18815bedeb790b4ab9c2b5bb1,early_vegetative,0.251,0.05,*
6bc9e7bafd3bc5d3fff284919d175f7d,early_vegetative,0.248,0.047,*
faa1a2ee4ed2c921739cb9a63880a9de,late_reproductive,0.815,0.001,***
fe74fd714cefe90175f7aec710750fa5,late_reproductive,0.721,0.001,***
25626bb3328af227770a3140ce719f22,late_reproductive,0.713,0.001,***
1ebf3c81b9f872f5a309a1a08ab97d1a,late_reproductive,0.687,0.001,***
421ca5d3d26116cdb32f9f534b58043f,late_reproductive,0.661,0.001,***
5cf37e80516a615f77bd5e97f18ae417,late_reproductive,0.65,0.001,***
9c5ec6f7ea66749b8ec5547c1fbaa3a4,late_reproductive,0.632,0.001,***
d1f4babdfa6aa29532c66b9b1b30c201,late_reproductive,0.631,0.001,***
805619c315231af3e676d65dc09b09b6,late_reproductive,0.628,0.001,***
e79717ac042e285b8e504e9f9da52e44,late_reproductive,0.623,0.001,***
ad16b779f2ec6d8afc200de7c5d2f39a,late_reproductive,0.617,0.001,***
2743823e7602e70cfa467627e69d2774,late_reproductive,0.614,0.008,**
0fb21804925e54473513a18a6dd4c564,late_reproductive,0.613,0.001,***
61bd895e1ba927a874de33553872fa09,late_reproductive,0.611,0.001,***
a652f496fb4f9105e6797d717c3926ef,late_reproductive,0.61,0.001,***
ae6303e17062ceb4164e814322114025,late_reproductive,0.602,0.001,***
5d68bdea7c83d04d1cee3f1b4a74690a,late_reproductive,0.599,0.001,***
6de8fff163b98c8aa71aeec462c52f49,late_reproductive,0.597,0.002,**
9252f4dadb9cb0691fe8be7219ac2790,late_reproductive,0.595,0.001,***
51121c8f8cc8a7a03d9d7f1dd5142aa5,late_reproductive,0.581,0.002,**
f47beff0fc3748fcf424bf33bc490cf2,late_reproductive,0.581,0.006,**
143476f6d67370a8ae94fe0b6d950b62,late_reproductive,0.579,0.001,***
c19d4564f33fb200f2e299be0db66c9a,late_reproductive,0.577,0.001,***
14ff660452637cf706f1a97b7c9d2c57,late_reproductive,0.573,0.014,*
9828341287c53b76acf7ca753c0364cc,late_reproductive,0.571,0.001,***
e8bd5a5228cd426c496dcd50f6dad542,late_reproductive,0.567,0.001,***
69ea7bf023c94c0e9e322cf8722862e4,late_reproductive,0.565,0.002,**
0f97fc907d4a9a9495726766d16df839,late_reproductive,0.564,0.002,**
eb0c1770f8003ef04e74ce5daed81b65,late_reproductive,0.561,0.009,**
00d4306620fb956f4cb8ea6616da13a3,late_reproductive,0.556,0.003,**
ff4f0cbcc59b0449210bca40cda1cc36,late_reproductive,0.552,0.004,**
d88fdd25cf0defbbeed5e4a61038ecee,late_reproductive,0.55,0.001,***
8ac9e7f20563bf32f008ad20c44dcf9a,late_reproductive,0.549,0.007,**
69612abc525d617712cdcd88fa1feeee,late_reproductive,0.547,0.017,*
4473ac847f597164696bc96da74ca753,late_reproductive,0.539,0.001,***
00f22fe0aa7d9b976a6a884f493a1b75,late_reproductive,0.539,0.001,***
14ec48024cbe58b42baea067703d974c,late_reproductive,0.539,0.005,**
8b8334d3bba356d260b6c1bb5dd277f6,late_reproductive,0.537,0.001,***
814146badd60d0de9af8e9ca33d3c74e,late_reproductive,0.535,0.002,**
1fd1f3fbc0437b678ede5a76465a1326,late_reproductive,0.533,0.011,*
a60f0b4bc20e5a162b45b3d2ed7a0d6c,late_reproductive,0.531,0.03,*
62727dc7f1b9c5878de3da94b2977f05,late_reproductive,0.531,0.002,**
0551bb63d550ae8c8f89dacebda76822,late_reproductive,0.53,0.001,***
8232f84529b2b8a661cc36816d1107f7,late_reproductive,0.527,0.001,***
ba7c460bf2d0ff592fc2a6f198046b7b,late_reproductive,0.521,0.025,*
90938b5f91186ed52c02f75b4d65a492,late_reproductive,0.521,0.007,**
fc6622c636a5210293fb2873fc4761d9,late_reproductive,0.517,0.036,*
d829bee4984f82ffc2453212157caf96,late_reproductive,0.513,0.005,**
df14ed79583b7b54bd7c109a02e8dace,late_reproductive,0.51,0.05,*
7402c6fd98e177d4694261a9dd23eac6,late_reproductive,0.506,0.012,*
fc4d567d1d0828e1fdc36916f0d53d15,late_reproductive,0.504,0.004,**
8f83b75bc2f3107388acd9923ea7a447,late_reproductive,0.504,0.002,**
ad0935af41c7af13338ce2d751488a3a,late_reproductive,0.503,0.023,*
1b55e3915bae2057a5e5ffdf5d4a1817,late_reproductive,0.503,0.003,**
630f4e28b0500d485f375eb26ce7195e,late_reproductive,0.501,0.007,**
5f59131fb4fda508c070ce947135eec9,late_reproductive,0.501,0.001,***
e66dedb2d2a50506d00442353dcb8c5e,late_reproductive,0.5,0.001,***
ebf0d1c905afc1b0973bb0ed29ce2fcd,late_reproductive,0.5,0.001,***
f404d08007a06ae388a0e112bcabfb66,late_reproductive,0.5,0.001,***
2a8e9bc95d2582977c2836456c369d2a,late_reproductive,0.498,0.002,**
644eb43b87ba456f56014ac213387819,late_reproductive,0.496,0.001,***
1f7f046c2af771160d3ba83b9bef80f4,late_reproductive,0.495,0.001,***
a371433672c528291d0b37b014389e2d,late_reproductive,0.49,0.006,**
83d5fdf1f598cb3686750b0f4a1a1a76,late_reproductive,0.49,0.005,**
e1ed6b8bc192db07db757992cf49470f,late_reproductive,0.487,0.001,***
641fa8637261ba12d88029b62616cf7e,late_reproductive,0.485,0.001,***
b394e0ec5c9154abb2aa22921eb10cf1,late_reproductive,0.485,0.001,***
20b3df08cd5fac2be26a2928155bab69,late_reproductive,0.484,0.025,*
19f9f30d5492ed1f3f968da3d20389b1,late_reproductive,0.482,0.003,**
96d2a22ffca4c20ab2a3d13d1210f612,late_reproductive,0.477,0.021,*
1ef5eb2d83101223b0fe581e5d40e84e,late_reproductive,0.469,0.013,*
27c13164b145c1db166f98c57c19f256,late_reproductive,0.464,0.002,**
b53d41f5dd941f95e5d37755e1ff6f84,late_reproductive,0.46,0.002,**
092bc2589a8638b68012c8ab88e3fcc1,late_reproductive,0.46,0.01,**
f5c494fd1da6eac3404c69c863c35c07,late_reproductive,0.459,0.009,**
077965e0aac3e3a499d9653169446a7d,late_reproductive,0.458,0.038,*
0a95e2bd1bf67e81a88b4087a8f95c75,late_reproductive,0.455,0.002,**
9da7cf0aefbee4db96b8b78ae8f52f57,late_reproductive,0.452,0.01,**
da9d862bd683f59b562aeb25be881931,late_reproductive,0.45,0.006,**
6492b37373a71cdcba02edab97f95a23,late_reproductive,0.449,0.027,*
5009dd39373c7f4120f9846c42ad42ad,late_reproductive,0.449,0.041,*
836d43a2ff8c6ae378553d85bfb5f4e4,late_reproductive,0.44,0.044,*
6cfdf7540de93e6bac612bb99188cf1d,late_reproductive,0.439,0.007,**
2c95984542f4929b0bd62d94d1c3eaaa,late_reproductive,0.439,0.011,*
44349931377434a54bb432488ce41d8f,late_reproductive,0.438,0.001,***
983c574efaeeecce1307f8fd4cac0ea4,late_reproductive,0.437,0.021,*
cecaa462f7073e2b9c5a66f1031db112,late_reproductive,0.434,0.002,**
20e31fb2c277af70c0ae26e101e89347,late_reproductive,0.43,0.033,*
811deccea42bb9981df3003ed19a5669,late_reproductive,0.43,0.017,*
f63dd2f75fd6bccfbb13840befa6259f,late_reproductive,0.42,0.016,*
0fb538dc7ae93db1aad8af6b841e0274,late_reproductive,0.419,0.013,*
3e95ce55121f2bd0a6cf2967d742df09,late_reproductive,0.419,0.009,**
c2d442d55e3694a00fa33a1df22ae1ba,late_reproductive,0.415,0.004,**
dd49a2414d8f396acb2380ceac7bf96f,late_reproductive,0.412,0.007,**
e3051e337fce58aae842ec6b02d4c7c7,late_reproductive,0.411,0.01,**
10653b7a7516a0d43c68e9b8bb771a8f,late_reproductive,0.411,0.018,*
070a6f87bb7690e9585857cd888a521f,late_reproductive,0.41,0.002,**
9fb877df89cff6487d4371a1444880f8,late_reproductive,0.408,0.002,**
91681442946fd44576e334ffbf740d32,late_reproductive,0.405,0.036,*
1137908dfe3b63a4b7903e49e76dbef7,late_reproductive,0.405,0.035,*
23d2510945af127fccc1ed3f19e79599,late_reproductive,0.404,0.038,*
2e2a30204aa04774fcdf0e7096992670,late_reproductive,0.403,0.046,*
4617c5b6a503cd79d0eed1fbb00dc483,late_reproductive,0.402,0.019,*
2d609f4ca22f60c7e2261a03d6066fff,late_reproductive,0.401,0.004,**
3eb3d815f9a2a870225251eb590f9210,late_reproductive,0.399,0.004,**
594061ed4e2ea378773c474cd4803c29,late_reproductive,0.399,0.003,**
e7432c3a9bb966403d679ac3edf52552,late_reproductive,0.397,0.008,**
56a0003ccbab829b8ff3ccc60a59b223,late_reproductive,0.396,0.02,*
0c9fec668824c75181f7b1bfbce2bcd5,late_reproductive,0.395,0.032,*
ca944439ca07d6e60282ea34cda405f6,late_reproductive,0.394,0.016,*
2072c7d0b84e8a2dfc6c07be34530e36,late_reproductive,0.394,0.015,*
91e104cb875e164ccd4de7bfa265f800,late_reproductive,0.393,0.003,**
a1ed615a4ed0b08c534fcc504a4608b2,late_reproductive,0.393,0.006,**
1ed0308c0b009f0b03a4bbd9d4bc7dce,late_reproductive,0.392,0.007,**
e8fb0c85df7cdd89fead0f6f2c575f32,late_reproductive,0.392,0.008,**
e8724520788bb38a7f9d22c91318f016,late_reproductive,0.388,0.04,*
47ee012e6bf01ba25c1e9d73e2241846,late_reproductive,0.385,0.01,**
9028c0d6d8f88f1713351e6f9f443272,late_reproductive,0.382,0.009,**
d88b54c7a9b6580a899f28d7ccdf5f23,late_reproductive,0.381,0.008,**
4fb203e3e3100ecbb0c432656829bef9,late_reproductive,0.38,0.023,*
d6b84cba8aa0b3a17de44d9edab9e498,late_reproductive,0.378,0.022,*
a4e5ee0de3048d236790152448fbad31,late_reproductive,0.378,0.003,**
635039bb888b98c7db3d850ef3cf080c,late_reproductive,0.372,0.007,**
78bd7fde5bdb31b60322b21b5dd5e0fa,late_reproductive,0.371,0.018,*
9063b5ae393f2ee20ea3bd0bf15c7cbb,late_reproductive,0.369,0.007,**
8386ea67b310aaf86e7d4df6a009d8a0,late_reproductive,0.366,0.015,*
b8131857d4ea3142d9057c71e0fc128b,late_reproductive,0.365,0.02,*
efdcc23ae4441fad5b53260c4975a476,late_reproductive,0.364,0.004,**
d7d5ad3fd42fd1ff7918613de090cf05,late_reproductive,0.363,0.04,*
60546b068a1995be0e8d0060f420d48d,late_reproductive,0.357,0.044,*
0cdcb74d29be4f596fddced823a56dd9,late_reproductive,0.357,0.035,*
9099b8a07b6b73755cad5d2df763bd3c,late_reproductive,0.356,0.035,*
52bd5012a73317646718623cb57650d5,late_reproductive,0.355,0.026,*
04625897593b49e4d90f1911edc89ddc,late_reproductive,0.354,0.012,*
1eebc9a9a74a9e6d87faf669f27fd6a4,late_reproductive,0.354,0.004,**
47443091ae308fc7e29ca565a2cf6526,late_reproductive,0.354,0.012,*
bad3b4a840cd223a728878a0470a27c3,late_reproductive,0.354,0.013,*
7af6ae689696e9ea838fbb88ee9afb78,late_reproductive,0.353,0.05,*
0a12f2a523c8f00c747fc1b5e1c731fe,late_reproductive,0.351,0.012,*
0f76281f76cff459390f5a718a44d220,late_reproductive,0.349,0.015,*
66bad0ef4e7f8d914ddaccfa93056eb9,late_reproductive,0.346,0.008,**
bbd3af55e1166fe63397e45f97fb92a7,late_reproductive,0.345,0.03,*
7f80cfb0918bc453834e1bc44241b917,late_reproductive,0.344,0.014,*
636d16be4bd848fe6298a62eaa4a7905,late_reproductive,0.343,0.012,*
0b0ce53da9a398e5e6d5cf1d95d11b1a,late_reproductive,0.343,0.026,*
5b3177319096715b0e5487165e09768d,late_reproductive,0.343,0.048,*
5af8814ac154f5f78f7d3445d9bff4ce,late_reproductive,0.342,0.024,*
102dfc82292501d80f64b57816f5b1c9,late_reproductive,0.342,0.012,*
13ad238ff80cde86ce862692d31236d7,late_reproductive,0.341,0.009,**
d2559229125812b470b0403363407023,late_reproductive,0.34,0.047,*
3b10326158e5324a3cabe04cdb821412,late_reproductive,0.34,0.041,*
09f25a7136064a0214e490e38e98ad5b,late_reproductive,0.339,0.032,*
df32c41c7ef497c36dfe0e618289f8eb,late_reproductive,0.337,0.017,*
c15a17d8639aa6e6766053fae524918c,late_reproductive,0.337,0.026,*
e38bafa6321bd4ed4b15f934c3eb652c,late_reproductive,0.335,0.03,*
18322edb674821695e24d72c32c85e8f,late_reproductive,0.333,0.033,*
a80616dba1a6d362b957660c08aa3517,late_reproductive,0.329,0.032,*
4e018904a08616f7e06a0cf8fb6d9af7,late_reproductive,0.328,0.012,*
2e6c30b7894239be4acf9038ffd54e1b,late_reproductive,0.328,0.035,*
7bf2a9bd026e5c2ce59d5998afc66594,late_reproductive,0.328,0.043,*
d56a76f0b62f4ee6b4b4a3cd69d82d0d,late_reproductive,0.326,0.05,*
a5038048745301fecf0f27abaa0c326d,late_reproductive,0.326,0.027,*
6e2cf962f4350bbaa11711f659c3987e,late_reproductive,0.325,0.015,*
90cd66846d59125b07db004c471f0983,late_reproductive,0.318,0.034,*
7c8ff350bccc0bef23c8f71baf6ac6a3,late_reproductive,0.317,0.038,*
5d8d0853c0f667f417eb6812fe96d727,late_reproductive,0.316,0.034,*
3f352098e17e53f378beb269c1406888,late_reproductive,0.314,0.026,*
4cabd20470c61a69d3f48aa8f80af2a6,late_reproductive,0.314,0.033,*
8cf384d6c9826e4d24fa5d6f376ad2f3,late_reproductive,0.314,0.045,*
28dbdb6bf85f62c54fe56238c830c0fb,late_reproductive,0.313,0.023,*
b7616c5e14093f59e6ef2da052f4e894,late_reproductive,0.312,0.027,*
b098d042693a1227e7cb4a76a9922e06,late_reproductive,0.312,0.038,*
a9b1ce2ed59bcafb4b8719550b0b4af1,late_reproductive,0.309,0.04,*
bb695052bd5837dbf874bc92ca631a9e,late_reproductive,0.305,0.037,*
7167f7beeed1ed11165af70a67296ebb,late_reproductive,0.289,0.05,*
c6a20752362b9c533158fe8f72e974dd,late_reproductive,0.289,0.05,*
d472b009797b3021e3a8e13a967fb9b5,late_reproductive,0.289,0.05,*
d55a5be9452ee4c558d3bca97973545e,late_reproductive,0.257,0.047,*
975dad73b6b5c8a4f3170049d1c88b43,late_vegetative,0.643,0.001,***
5c598e0b9ff3db8e0c17843e92cc39c9,late_vegetative,0.622,0.001,***
e7c2c171be5ef785791bb5a3a49fb3b5,late_vegetative,0.597,0.001,***
4da1ab0190b065b4136bce78f2a475b7,late_vegetative,0.591,0.002,**
f0a46c6d8eb7f519a79113d33390d4d6,late_vegetative,0.589,0.001,***
def8339f22670d09a6e7d9d629d1e13b,late_vegetative,0.581,0.001,***
c3357091b1eb1426ead2803433360b07,late_vegetative,0.572,0.001,***
8599524cec26e00cc7df72e7ecc01220,late_vegetative,0.571,0.001,***
3d7ea4dffab1130cdc0e3659dae0c1ef,late_vegetative,0.57,0.001,***
39ad699282d51b96d4f507f7ff11d8c6,late_vegetative,0.567,0.001,***
ce88479c67c424bd1b2d977d099ce325,late_vegetative,0.565,0.001,***
b8c4ed03d7d91546b9f6ad80b80135a3,late_vegetative,0.564,0.003,**
f968254345bd05c204aee9646945cfa0,late_vegetative,0.561,0.001,***
eeeb1b6665e726237630fc52ed6c3b15,late_vegetative,0.561,0.001,***
529b77281e2f565eab520bbe66685168,late_vegetative,0.559,0.001,***
e4397448892410b2b9ae946f8d6015cc,late_vegetative,0.558,0.002,**
33b59ac7bf646a8a5b1129313c3cd6bc,late_vegetative,0.557,0.001,***
b26086d47e0a3f9bd5c419c4617b8502,late_vegetative,0.553,0.001,***
41c3fcdc0ba7f8aa45aa2bfd2d4eeaf6,late_vegetative,0.553,0.005,**
a7da93a9744a7863292bcf97d47b6a10,late_vegetative,0.553,0.002,**
524f945306ac2c325b6027df82cc10c2,late_vegetative,0.549,0.003,**
75c0ff66a5743e54b8a178b8d307b4ad,late_vegetative,0.541,0.008,**
040bd74a5c9b1a37501cd9fc4c554326,late_vegetative,0.54,0.002,**
0ae5c24423a66064004078d992f01e5a,late_vegetative,0.539,0.024,*
684cdea42f3b78d598184f998c4ae1c3,late_vegetative,0.539,0.001,***
bc84c01dbfc576927c9a43ad8a4fbf8f,late_vegetative,0.539,0.002,**
85fca7d0ba5e9b3a3198961bd9557f18,late_vegetative,0.539,0.005,**
edbff80f325a90217ae603a08363ccc8,late_vegetative,0.538,0.002,**
1270da80cc0e29e38d735c7f38a145a3,late_vegetative,0.538,0.002,**
0dfe245697814f4897dd14ea27bf5250,late_vegetative,0.537,0.001,***
432b01066dfe0725b4830272bff0caff,late_vegetative,0.536,0.001,***
b5fc91de5fe1400b76651f0d4ab1d2a9,late_vegetative,0.536,0.003,**
19386012f47b4a8d83f8fa168376a505,late_vegetative,0.535,0.006,**
f8b6d2a553f0df1c667529b281cdac3f,late_vegetative,0.534,0.011,*
a08ee4a8aa1ece798d78fae2b9ad0401,late_vegetative,0.534,0.004,**
c9f9355d32e264f6bc060415332587bb,late_vegetative,0.533,0.001,***
bddc8418ea1ba840c31d9aa1f45dacd8,late_vegetative,0.532,0.005,**
0f74a957d2a112908a68b9ad19d1da6d,late_vegetative,0.531,0.001,***
60cb5363f520d007437ef4ed940bad82,late_vegetative,0.53,0.022,*
01e554a6c77365905a87ceed402b1483,late_vegetative,0.529,0.016,*
6d01029368e4cc381d8e748ea1285708,late_vegetative,0.529,0.002,**
af062725e851baa19a57d27c454641e6,late_vegetative,0.529,0.005,**
db1433090ed021c7ba8c284943f6c3cb,late_vegetative,0.528,0.01,**
90aca794c7e30b8a77e87f13ffc9a5cc,late_vegetative,0.528,0.005,**
4c687e9abe11199b993e2ab668384d5c,late_vegetative,0.528,0.003,**
899e6d1bba7c36b515dea9954c89bea9,late_vegetative,0.528,0.003,**
b0ff9c8a090e42c0295cb0948038a771,late_vegetative,0.527,0.002,**
53e147376c416a7fb1b1c3dc4ba25d6e,late_vegetative,0.527,0.003,**
25e9838ddd33c0994e7d6f6992e39de7,late_vegetative,0.526,0.006,**
9bd7a18778ce1be172692bdb8c3e7bfc,late_vegetative,0.526,0.01,**
2fdfc6e122f51aeca4b5adcadaf470b1,late_vegetative,0.525,0.002,**
f9c97adffa7ac976f53976a689e9885c,late_vegetative,0.525,0.011,*
79f854ba7e9256f5c29821a8b32cfadc,late_vegetative,0.522,0.002,**
b72d2815103feb19f37f2521dac55754,late_vegetative,0.522,0.017,*
b4bb9acd62429e6ab0607af897300501,late_vegetative,0.52,0.01,**
7b0f6998aef7e079f95fcb5e8880883c,late_vegetative,0.518,0.009,**
2fac845da336657d55f1a9f350c6bc09,late_vegetative,0.518,0.005,**
8f90932836eec8eb89164f265ebd63f5,late_vegetative,0.517,0.024,*
3f5f077e16c01f93c4095099c7d43258,late_vegetative,0.517,0.001,***
7ef6a6f0dfd650a93138c85eebf1b5c0,late_vegetative,0.517,0.016,*
bad02fb4b97f30182ffe6e934f54ad5f,late_vegetative,0.516,0.043,*
46f4436af04bcd98a7cc1a443d6f219c,late_vegetative,0.516,0.022,*
b0546a8c6a38415c52d2dc916319d3fd,late_vegetative,0.516,0.047,*
fb60fb75664eaf6a23ae2c6124fbb005,late_vegetative,0.516,0.009,**
209c03320a039a6f1087f653688fac8c,late_vegetative,0.515,0.003,**
c55df6cd40166d06b25d3a327bfb9dd4,late_vegetative,0.514,0.009,**
8d133cf611474f85a1f8cd4e41c3dee0,late_vegetative,0.514,0.006,**
548f1f37d4853c6e929864a929bcbb4e,late_vegetative,0.514,0.001,***
77e8c011ba49812b2d8c2085785afe8a,late_vegetative,0.513,0.024,*
bdf8a26094624622d68509a87fa75ba7,late_vegetative,0.513,0.025,*
3ab9af3e9d29ebb0b244558ddab132ed,late_vegetative,0.512,0.034,*
3b85dc79386362e93f5385a08f99dbb2,late_vegetative,0.511,0.004,**
bc3676c17839094c4fa8e33268905268,late_vegetative,0.51,0.033,*
26005dfb7ad2e8cdbb139846af329663,late_vegetative,0.51,0.014,*
d554f717d25d5f90590ec252d3c67d0d,late_vegetative,0.51,0.005,**
268d05830150f9f44ace6cae89d83924,late_vegetative,0.51,0.031,*
d10c72b287f6e198757f9d267625d1ed,late_vegetative,0.51,0.013,*
16e581da083340d2bbddb80f25b28164,late_vegetative,0.509,0.002,**
91ddf6ae6fe1b2f82da6ceeeb5d9b519,late_vegetative,0.509,0.006,**
8f0fb68673a8b3c26f3fd210e29b7916,late_vegetative,0.509,0.023,*
dc3335ef3308ec570f453e4c01a22f2c,late_vegetative,0.509,0.001,***
9a366453d0b8793936733f7e9615324d,late_vegetative,0.509,0.012,*
5ba3abca12204f09de03933e7322ebee,late_vegetative,0.508,0.003,**
45bdd24b81b9a4ed791efe55f698a230,late_vegetative,0.507,0.003,**
89c143d6cbb1b5708428bed4116ab6a6,late_vegetative,0.507,0.004,**
bd24b7966ce594d3534ff34d53c3e8da,late_vegetative,0.506,0.002,**
2a75558dd6b45a9616a6ff6eb9f46b6c,late_vegetative,0.506,0.013,*
1f5b09010192570ea730abdd88690f5a,late_vegetative,0.505,0.041,*
91ff993a5f5f767d1d14eed660db4ecf,late_vegetative,0.505,0.003,**
35ed22e9fa79ab018326b68bd06b3bb0,late_vegetative,0.505,0.031,*
56ffc3a1273668bb1918767428fe00b8,late_vegetative,0.504,0.002,**
83dabe1ddf95778e72f74567126490e6,late_vegetative,0.504,0.021,*
cc60312357314937af544b9333c06feb,late_vegetative,0.503,0.038,*
addc0ed1c7786af6f4ef1aff5d71e5be,late_vegetative,0.503,0.01,**
56fcf2932b90be5cc875aec791752ed0,late_vegetative,0.503,0.008,**
68d5901376043b0cf4f847284b53b740,late_vegetative,0.502,0.028,*
3bd9fc0265a969dde3e2c0479c7d80f9,late_vegetative,0.502,0.006,**
70591b35ed664f271d3ccf22e9c564ee,late_vegetative,0.501,0.017,*
cd2ed2970d1be8bfaf89925b7479b7aa,late_vegetative,0.498,0.049,*
a206cc680cb24a8575d7c26e9d73b6ce,late_vegetative,0.498,0.02,*
caf8e49ffe1f4fb7e13ac8e3cfcbc6c0,late_vegetative,0.498,0.02,*
132dfeb86484b2ec5ff0d5bce70d58b1,late_vegetative,0.496,0.013,*
351cf4af69db293519bfd5b9eddd432c,late_vegetative,0.495,0.002,**
41b269824f02f78229e19e91590c7b2f,late_vegetative,0.493,0.022,*
5dd52b666b9e8f5d8b4b92b4403ed60e,late_vegetative,0.493,0.032,*
61c3d8e4d1400a8556a911a292791e9f,late_vegetative,0.492,0.013,*
a3fe6144bb655c43f48abfa8bc92709d,late_vegetative,0.492,0.022,*
b2af2d86f64b5aa555813c2e5ccf5125,late_vegetative,0.491,0.048,*
bf37f243318a1338cf635a88a19b2383,late_vegetative,0.491,0.025,*
c85d1b78dc8077b2d72f6ffe73fd4783,late_vegetative,0.49,0.018,*
744ea075c9dcd5f0f23b83e2af726115,late_vegetative,0.488,0.023,*
1ece0d7fc6bda17bffaead1ec2486d29,late_vegetative,0.487,0.006,**
180d7e3843ee91f2a4202baa0ffe64fb,late_vegetative,0.487,0.005,**
df4ff260c5074d4e2ffe0cba9257f266,late_vegetative,0.481,0.04,*
89420295a4f3327107e1fdb2dff94dcc,late_vegetative,0.481,0.001,***
32334efab8f6864859c5e40e16c7a69b,late_vegetative,0.48,0.009,**
5af4b6536a97662440f9c64aae8d88c0,late_vegetative,0.478,0.01,**
00360e9b675235e3ba5f1e6cf402cd73,late_vegetative,0.475,0.032,*
ea92d90ef499d3b30b0aee203b3d7778,late_vegetative,0.475,0.025,*
cc2fbdfd0aebc1611aee1db32c39bd90,late_vegetative,0.475,0.026,*
09aa002a2f42aaa4bce28e5c6737e22a,late_vegetative,0.475,0.015,*
5b5fc41e4def55055e7e165fecdfc4f1,late_vegetative,0.471,0.004,**
66449c73c79eb4cf250519f8d4d670c7,late_vegetative,0.464,0.02,*
b7d6fa46f97bed293e682e4471808f14,late_vegetative,0.463,0.007,**
98477278fbaada7e2005b9f6c4484f72,late_vegetative,0.46,0.021,*
51aee664c21bd301061e44d482f6716c,late_vegetative,0.46,0.012,*
1a5139c0b2bc393e9fa3a84bf37b1bc0,late_vegetative,0.46,0.012,*
65811d763d0240b6dbe6fae195b3dddc,late_vegetative,0.458,0.024,*
6d30448b2542057714130ba12fec491f,late_vegetative,0.458,0.012,*
1454c5e4a83154bbbacfd00156ff7824,late_vegetative,0.456,0.004,**
13801e7bc71636162780bd7b6d06bf65,late_vegetative,0.455,0.014,*
3872f985f67cbd4663c3696418de8e7e,late_vegetative,0.454,0.006,**
75cecdd8d9f2e9b447320b5db4f92845,late_vegetative,0.454,0.033,*
9467a558c2784489f6532f40f2a07287,late_vegetative,0.454,0.014,*
8fb77c219893d643f6dd9d42e888a459,late_vegetative,0.454,0.028,*
380a71542a98c4bef2605836d705d81c,late_vegetative,0.453,0.022,*
105ab0ed08592a633312c2a41cff653b,late_vegetative,0.45,0.003,**
a722631f24550157792106cc4ee11ea9,late_vegetative,0.45,0.042,*
b0c602ab40c54ad465fab429348ee6c4,late_vegetative,0.45,0.036,*
3849097c8ab5f74d5e44ff2f46ec1c07,late_vegetative,0.449,0.002,**
48a25a351f673f799f73620221769bb5,late_vegetative,0.449,0.027,*
f533223aef7e44b298e0c71c3ffe701a,late_vegetative,0.449,0.013,*
776c07a3479e3eaefe9f7dbcfd547a8a,late_vegetative,0.446,0.013,*
337b14e1938677e488fda429b20b7e54,late_vegetative,0.445,0.047,*
c8dcde02039b1a0736f3d92cb73177cf,late_vegetative,0.444,0.003,**
8c236fe169500c5b91c687f10e0d3c6b,late_vegetative,0.444,0.009,**
d95952e95e9eed3bd8972d84c80bfb26,late_vegetative,0.442,0.014,*
fecd78f10ca0ffdc793be60dfbec59b2,late_vegetative,0.441,0.006,**
aa49e351c8f25f1790b692d001605bd8,late_vegetative,0.439,0.002,**
72defd2687a9a2f00a7b6874b838a546,late_vegetative,0.439,0.002,**
f57538baf707c3dd9629935db2bb981a,late_vegetative,0.438,0.024,*
90af6ea2ff9602e8700d7ce624d08164,late_vegetative,0.438,0.032,*
3ab93a8cca754029d5356c4e88703e77,late_vegetative,0.438,0.015,*
40ac03db38fb3a65e21c5d040ed84f78,late_vegetative,0.437,0.03,*
c4b069153ae53489ea1cbfb2de1cfb1d,late_vegetative,0.436,0.008,**
945afead985a2610f6d91b9757bb4ff5,late_vegetative,0.435,0.033,*
77d3e644d22e5e5d9fc7152af7035a1a,late_vegetative,0.432,0.004,**
cf42b637dee1ed585fccca9b967cbd35,late_vegetative,0.431,0.019,*
35d20da789dde8d76e4389fd6d30cc9d,late_vegetative,0.428,0.016,*
34c76a37daf44b08d51fdac690d8a846,late_vegetative,0.425,0.017,*
fe623bd936095d9354b2440c2e011570,late_vegetative,0.425,0.021,*
1931da004610e5648f0791893b2bcc24,late_vegetative,0.423,0.042,*
4e106e2ddc77ff745cb4412bcd19453a,late_vegetative,0.423,0.03,*
dd96f884741bef82a9146cdd01f6c49c,late_vegetative,0.421,0.004,**
3bda3d355fa4acbf21d9d5aaf5d3365f,late_vegetative,0.421,0.013,*
8dbc7a78a606f5f7a8173e12ce6d3664,late_vegetative,0.42,0.009,**
68ffdcf4f10ab45ca8d9b67e145dc903,late_vegetative,0.419,0.022,*
ef87e8a8dea72fedaa227d707dc23065,late_vegetative,0.415,0.039,*
f52912428cbb14c0c4eea6006393e5a9,late_vegetative,0.412,0.005,**
529b03798c7ff151a417f6075fbd96a4,late_vegetative,0.411,0.009,**
158dc49d3db39e845c6ed54a0e1d90f7,late_vegetative,0.411,0.005,**
c08fb764516fe18cdcc3b95ae75d46dc,late_vegetative,0.41,0.015,*
9c54a3b1cb2edf71c134c3848064b28e,late_vegetative,0.41,0.019,*
9527427a02e6ac7de9befd9133610566,late_vegetative,0.41,0.041,*
ee037019c30fb4442e80723fab97590e,late_vegetative,0.406,0.027,*
070df4b78d8fd8e51eafe067a149316e,late_vegetative,0.403,0.01,**
8018f137728bd4463a04089bb79ec04e,late_vegetative,0.402,0.003,**
e2c46de2851826d706ab11ffc9a1ae31,late_vegetative,0.402,0.025,*
b7a6bff3e7732c6145f5667ff77b05a9,late_vegetative,0.401,0.016,*
a51af6f7d3369f355257160b33da3cff,late_vegetative,0.401,0.003,**
5de04fe69beee5cc76f6cdc2005dc3a5,late_vegetative,0.401,0.021,*
5097b9a0d9a5471b50be36d6a56ef83e,late_vegetative,0.4,0.036,*
e3f90c2df165fa541c86bbe89d980a5e,late_vegetative,0.394,0.009,**
4127f7d457de20a99f2e9c46e68088db,late_vegetative,0.393,0.014,*
2da39b6a5011919c7a8e3d7e6c8b72c0,late_vegetative,0.393,0.008,**
d6cab129762000bbf37a901dfd906afe,late_vegetative,0.392,0.039,*
06576c99b8e5a9ecc5420d3efd2a7b8a,late_vegetative,0.392,0.001,***
1d07908b0bdd7ea948eddff8bce7b822,late_vegetative,0.392,0.006,**
6564cfb915b0f0019e6996489715b64c,late_vegetative,0.392,0.002,**
6bd9f19dce2d54609de0fb15eff2af53,late_vegetative,0.392,0.004,**
9364cfe912ffb40cac0d9121bfd3f295,late_vegetative,0.392,0.003,**
96cb78b4e0ff3c2b00953987d32c6f9c,late_vegetative,0.392,0.005,**
b82570e64f76db2f9ea54a8499bf5210,late_vegetative,0.392,0.001,***
dfd25005b7902a73578a17eb9ae6413c,late_vegetative,0.392,0.002,**
403aa856cd248423fcd9f7242ef77099,late_vegetative,0.391,0.047,*
b3da2cb911ca4507bff601444953cb51,late_vegetative,0.39,0.023,*
1aed60cbc5eb3c3e0c7006ca6298cbba,late_vegetative,0.388,0.007,**
ddb5bfe3f3c18a335c47d5c5c2c6d56d,late_vegetative,0.388,0.022,*
770f6d40306b14f30101bf45337bdecb,late_vegetative,0.388,0.044,*
eeb66039bd09c5fae7240effb5126814,late_vegetative,0.387,0.013,*
7ebbe0dc9ad3c1a88944fd59dde184fb,late_vegetative,0.386,0.034,*
db80fbca4d4e47e4c16beac3b8a10a2d,late_vegetative,0.384,0.037,*
5e86c2164f09c1bd443d24b3ba283fa1,late_vegetative,0.383,0.026,*
42350ebc233073403f3e9087b5da9173,late_vegetative,0.383,0.011,*
ee412dd2cd55a8040bdff2ef97c92c48,late_vegetative,0.38,0.016,*
c1dfa382eef43fd5f92771aa57552dc7,late_vegetative,0.38,0.041,*
ebd66386b119729d0fca358b74c3ef01,late_vegetative,0.379,0.003,**
e746f4b5000c2c11da3451d1d32c64e4,late_vegetative,0.378,0.043,*
296b15fc51126b55284ada31d07cac83,late_vegetative,0.377,0.017,*
fb154da959f9c2f406b7e416ba58a67d,late_vegetative,0.376,0.016,*
b893fad14b495bfeea310d2d475c7004,late_vegetative,0.375,0.009,**
d17ada13362110833528a1059849cafc,late_vegetative,0.375,0.038,*
113d31b301d63e6764e0ab48616d6166,late_vegetative,0.375,0.015,*
06aa8e4e4563cf4540309b2b5ec49a5c,late_vegetative,0.373,0.021,*
a6e639813c15eac6dfd1f335332b7907,late_vegetative,0.371,0.032,*
f7f6b04e5691089d34a12b4b455f28a1,late_vegetative,0.371,0.026,*
5d5a1527c757600ec87cb2948d048764,late_vegetative,0.369,0.017,*
f57b142c70813523e8a0bcd5e016479a,late_vegetative,0.367,0.011,*
0de8a5809f1bab7764364730431ba4a2,late_vegetative,0.367,0.019,*
2e7d2f0316e2a947f6c627919223ff08,late_vegetative,0.366,0.018,*
b59d0d9a0e95c9497e11f3ab9d5d8a96,late_vegetative,0.365,0.023,*
895e3e02465e2a52225f730785363974,late_vegetative,0.362,0.014,*
e4d3ef41cad1e212ec1aae6877790daa,late_vegetative,0.361,0.042,*
bf608870500608e9ca793c783db31fc4,late_vegetative,0.359,0.02,*
2d070574e6f761c3ee8e73e3b1f70cf1,late_vegetative,0.359,0.018,*
cfb4330db20c1d816087f8aa677c4c56,late_vegetative,0.359,0.015,*
35f9b1ff59e4d378da3f1e0337e9d38b,late_vegetative,0.358,0.039,*
8cd5cbd94b8715d21e4c6623d5c499d8,late_vegetative,0.357,0.049,*
684230a86eeb088c52a2b4c6ce8e4761,late_vegetative,0.355,0.029,*
92c9ce4a445b5727ad47c473ba478f58,late_vegetative,0.354,0.015,*
558e7711d4ded1688aa9766934b4c7ab,late_vegetative,0.352,0.017,*
703bf3fd1a8e40f08082ba6f9d6e942b,late_vegetative,0.35,0.049,*
2713ef3c402d337501d0f9965eb02bfd,late_vegetative,0.349,0.048,*
b96b1abb7c0de6bbd1dc585cc69dd8d1,late_vegetative,0.346,0.031,*
db9983a90c781339a87d4d199d63711a,late_vegetative,0.345,0.02,*
74b66348bc4d625c39d06fc7978c2e2b,late_vegetative,0.345,0.034,*
61929197c5090ca40d0b3c02a7c797fa,late_vegetative,0.342,0.045,*
acaf32d9c89ce2c359ea73b24a7fc1a9,late_vegetative,0.342,0.022,*
57ff761be8acec89cc1e365a8471bfa0,late_vegetative,0.341,0.04,*
0a22c0d65059c8d74dffacc68ca36229,late_vegetative,0.341,0.021,*
c310d89d55d1fc2dcbe4d70adbe0f74d,late_vegetative,0.34,0.03,*
03994921b7b3f6297f34381835775853,late_vegetative,0.34,0.028,*
03e54c38747eddb329edc015017e43e3,late_vegetative,0.34,0.023,*
26f122db8ccc99731efdb039790aad9b,late_vegetative,0.34,0.015,*
31fccea0512f6fc5275fc311f5d5c900,late_vegetative,0.34,0.017,*
3dbff4c2cc4febc2e10a195a76006100,late_vegetative,0.34,0.02,*
4ee105f5c518d786721623f2be709dde,late_vegetative,0.34,0.011,*
796d41956393cfdaa89ab7fe1f1d1829,late_vegetative,0.34,0.013,*
874559919676c80edd84480dd45e0c73,late_vegetative,0.34,0.023,*
9230c86e7186abbf59b457d2bc3d3424,late_vegetative,0.34,0.02,*
95846781afd302c8cf2097067bc90d12,late_vegetative,0.34,0.016,*
968498ce82e953e437ea7f6bc4017582,late_vegetative,0.34,0.02,*
9eaf950bc1f3a7f31dc688157c60a435,late_vegetative,0.34,0.021,*
acb9275351b6545b2b3e4e2d1c60a5f8,late_vegetative,0.34,0.022,*
b84ee608827f0b814f7eaf30db5dc16b,late_vegetative,0.34,0.015,*
dceb4a0d8c18d586c65ff0c47ac5254a,late_vegetative,0.34,0.019,*
ef2909e65becf321a64058ca5a1c421c,late_vegetative,0.34,0.025,*
5dfbe8fa700669f90a03aefd4476db8c,late_vegetative,0.34,0.018,*
9df6ec2edbddc3eb4ecac786f8446576,late_vegetative,0.34,0.017,*
a292a33f8b0ae8139c9fa703a1ebe616,late_vegetative,0.34,0.025,*
a62ecb8221ed07b4490b81f44db06f8d,late_vegetative,0.34,0.022,*
b254fcc2f17ea70b8621d9a484a169dc,late_vegetative,0.34,0.02,*
e8fa7c269a7953f54c2f872036a299b8,late_vegetative,0.34,0.014,*
75bd910e1dafd29b4c2ba6d450454e8e,late_vegetative,0.34,0.02,*
4b1164f46f0a3b68ace98a626f89d3d2,late_vegetative,0.339,0.02,*
0d138e67255f9a210aba4726f16f3d55,late_vegetative,0.337,0.043,*
1e719e830824495d0ed48bef7d84c4a8,late_vegetative,0.335,0.029,*
e6858cbcf404ec75efd705763e868583,late_vegetative,0.332,0.028,*
10cdad6bf2c398da607dcae3e452fd18,late_vegetative,0.332,0.028,*
2cdf7b6f33562fa5a14072d20480149c,late_vegetative,0.331,0.02,*
71655159b97c3c248ed4980a2e60b4d8,late_vegetative,0.328,0.048,*
1057558de242812fdb138341e65f73d0,late_vegetative,0.328,0.023,*
c88047c479aa9b9516cec808b0d2f372,late_vegetative,0.328,0.031,*
651a032a4d91ca43b13549f6057e0baf,late_vegetative,0.326,0.029,*
bcfc5e89f5d1e4db7e021c117c9d83b0,late_vegetative,0.325,0.044,*
1b5f52b735ebdf2b5f35bc1cb9317e2b,late_vegetative,0.325,0.037,*
c2a31f836897bc7b7a4d461737dcfd7f,late_vegetative,0.323,0.034,*
ca6022b5c9be8307cfc428710e64f272,late_vegetative,0.322,0.035,*
cafbf698d65027b208423f25158e07ec,late_vegetative,0.322,0.027,*
427fc0960b6842d26c1215ca3ec610b8,late_vegetative,0.321,0.031,*
53d59fc7626ea6d5f120961a81dc416d,late_vegetative,0.319,0.015,*
53116d773600d5dbe5c40f443249df11,late_vegetative,0.319,0.027,*
a77f1e47205592d3d79cf43f5fe4f4b7,late_vegetative,0.316,0.031,*
2eaf991c9bc8e062d189b9ea9bfbef2c,late_vegetative,0.316,0.046,*
ecc5a20b44673bd072d16b1965df0e1b,late_vegetative,0.315,0.037,*
712805a094e9484787014c8df6b4fac8,late_vegetative,0.314,0.038,*
702e821793e8ad73e60a49ee91165118,late_vegetative,0.314,0.049,*
2077c4ea7d4b749246d87e3ddc059a96,late_vegetative,0.311,0.036,*
95f5d0381f3d0b4ad65e307f4ca11da1,late_vegetative,0.309,0.042,*
faf1161a160669ff6d2de4e960cc8509,late_vegetative,0.308,0.044,*
6dcb37ddee8ed53b0af52e47fe2c2800,late_vegetative,0.304,0.05,*
343be5d23620437a55c2f51769d29c2e,late_vegetative,0.3,0.049,*
5aeb19d9399d9af44430d4538e62e3a4,late_vegetative,0.3,0.048,*
df71de0e92459aa808364311135bb8fc,seedling,0.822,0.001,***
508e4d4db7e2c0220a19fafa294e0670,seedling,0.817,0.001,***
a4b60313f1864e1e8cc5c1a580079b41,seedling,0.811,0.001,***
5a90ada059bd4710cb11ff1dc8789599,seedling,0.804,0.001,***
ebebe9c4a51dee3d98d029f1949faeaf,seedling,0.797,0.001,***
d0fbc9aff818121519652ff493a83314,seedling,0.795,0.001,***
0ddcd311e02f742e2e0e61ce02cf9c29,seedling,0.787,0.001,***
0b36c352632cb1346cdc7d73f9fb376c,seedling,0.784,0.001,***
45af176ccb220ac7f05edaa76f14fb1a,seedling,0.78,0.001,***
974375e221ab3d09b79cb0209898e9ea,seedling,0.776,0.001,***
4608fae4bbc9964cdd17af8782f2155e,seedling,0.765,0.001,***
945f562bda86790338922e12f9854407,seedling,0.764,0.001,***
f34cdcd73e535507d29c29b19d01f658,seedling,0.753,0.001,***
a3852e45faea55aab36292494caf4f94,seedling,0.75,0.001,***
af27577de5edb10c09f7fc19b9ca45ca,seedling,0.744,0.001,***
f28323ec2d8809bda972ef6cd454a859,seedling,0.726,0.001,***
ddfd49f939f92958b1ec816741055348,seedling,0.714,0.001,***
e6c4a7258a21cb1ee250bdb71efc5c98,seedling,0.71,0.001,***
f6c528c217081be9871de0fc58b89408,seedling,0.701,0.001,***
9af3467db68cf6063627304cecd46a65,seedling,0.699,0.001,***
9b4be26e7bb3a23d25e080a3bba619f6,seedling,0.698,0.001,***
b5d0821c7524008340ea6afd6e5a15d5,seedling,0.698,0.001,***
0b8886a0cd76eb3028995d91b279d36d,seedling,0.697,0.001,***
07da22cab5c55a4badb462bcbbded642,seedling,0.691,0.001,***
c31e5f9e619e3bf13270587d9661b2c3,seedling,0.688,0.001,***
1aa45332969575442e0a457ef371669d,seedling,0.675,0.001,***
e2db0e5adf4ec5fa415a1d890f667ab1,seedling,0.674,0.001,***
821eed576f621b5d223948afd8ffca39,seedling,0.673,0.001,***
b4626f6f1fc371121aa5b25f0105050e,seedling,0.67,0.001,***
62dcd3a453dd1ac7d92386b95811e04c,seedling,0.668,0.001,***
627a99dd1114c5212eb902a0d47d6f37,seedling,0.668,0.001,***
38851f150543128d14a052e787fa0248,seedling,0.659,0.001,***
e53b02186ce42d342e45f696b5e331de,seedling,0.651,0.001,***
d15bd1dcb9de71d7452648673a59f5b8,seedling,0.649,0.001,***
3ac4e6d2bf411194b3df70b4cf78e1bc,seedling,0.647,0.001,***
1a4657baa2b809e8e069924937b0431e,seedling,0.645,0.001,***
68084402ba50c5318fb1062026beb58d,seedling,0.637,0.001,***
daed5a5e05797a803338c4210f1d88c7,seedling,0.637,0.001,***
20b2a1cd685acf58314fb59252a14448,seedling,0.63,0.001,***
c9de210c5a513e7749d7e67ce403d19a,seedling,0.629,0.001,***
a0b1f105f827e856c5fdb5f98eaecc09,seedling,0.629,0.001,***
ff836ceb31404b3a37e52a4af998742b,seedling,0.619,0.001,***
57534122b65b3942bd7294443b3e17bc,seedling,0.614,0.002,**
c0f775fff77049501c4f8b4f5460097c,seedling,0.612,0.001,***
e416d0916760d2fc17b616e2ac3ad855,seedling,0.606,0.001,***
6e6f306a337ba255a7f4a7f8469ff691,seedling,0.604,0.001,***
477492fad1668aaebf7e35880898fd9c,seedling,0.604,0.001,***
674d3fca8b60d684ea44b52ad3fd4c73,seedling,0.604,0.001,***
984919ce3c93ca2b6d54479b1c165fbb,seedling,0.603,0.001,***
6abc517aa40e9e7b9c652902fe04bb1a,seedling,0.602,0.001,***
d295b9a63b6148b9f4663819da1c914b,seedling,0.602,0.001,***
1bc599cac5647c5c30496e93ca551557,seedling,0.6,0.001,***
7e7deb01f0491d33ecb87427fcbeb1ee,seedling,0.599,0.001,***
a759c2ceb519ebf954cac2c2257921a3,seedling,0.598,0.001,***
a449fa7f00650d7eeafd9edbbf97af5a,seedling,0.597,0.001,***
a8df653da66acd4d326cda1667bc2941,seedling,0.596,0.001,***
7f300dd37db558444736f6b15ee90958,seedling,0.596,0.001,***
3a66a38841ba6877568198b9dac3a1dc,seedling,0.594,0.001,***
df5d01e69e7e85939734e63b759ac8d7,seedling,0.593,0.001,***
0b5e13e28e58ae2994f6e4396079b62d,seedling,0.591,0.001,***
aed191bac0b1c3264208a084af848bed,seedling,0.588,0.002,**
a73e1c54250a13814c2bdb6278416e5d,seedling,0.584,0.001,***
7ff346973a282aa55de296afdb5d74af,seedling,0.584,0.001,***
cbff13c5e0e10e53429fa6560040ba15,seedling,0.584,0.001,***
c37e7e03a26fbfce94680b5fe323d0d7,seedling,0.577,0.001,***
2a64f7117c72e249a9c2e5850fd6eb3e,seedling,0.575,0.001,***
a0977048d3b1b28329633e842908ace3,seedling,0.574,0.001,***
1a5387ac492498e4916d1b8b1ba28c51,seedling,0.571,0.001,***
7ead17a076e7b7b419bf50abe7eee3f4,seedling,0.563,0.007,**
e1c7d97fe13e9127d225d76a1feb8c78,seedling,0.562,0.006,**
7bd8dfa8191cdd971876d532a82ac86f,seedling,0.556,0.008,**
c130baecd35f08a8f79bdfbdc0abb6c0,seedling,0.555,0.001,***
27895cb3d659e1e4b14f3b31aa2025f1,seedling,0.554,0.001,***
87c63a099091784b30d2cea9d3de4a28,seedling,0.543,0.011,*
79c9235ff041fe76f6dc89a18c5a222a,seedling,0.543,0.001,***
f754fa223609d6146cbe702db3092697,seedling,0.542,0.001,***
6f89bb754b27c481adaf2ad51bf3a5b1,seedling,0.535,0.001,***
28c390f27c50c1b918905299d6ed9fe4,seedling,0.533,0.004,**
547b78057390d8dd87e029218928ab3c,seedling,0.532,0.014,*
198bf2d21675672a9726514aa0854e28,seedling,0.531,0.018,*
12e2e5faffb1fd81174485db8ed555b9,seedling,0.531,0.001,***
2653f9a6e90d957c951070035e6edeea,seedling,0.529,0.005,**
fc7b257064027e1bc2b6fbfb4584677d,seedling,0.526,0.004,**
a6c8d4cecc4d6fd8776824797d392c66,seedling,0.525,0.001,***
6ef30ad70950c7994898405da4aa1f2a,seedling,0.523,0.01,**
334b65ac7ccdcd0b8dab50433242314c,seedling,0.519,0.001,***
f36c50279a8fa1c121cb9dda1ab1cb42,seedling,0.515,0.006,**
95d08381352f71ef3bc48445f8ccab02,seedling,0.514,0.018,*
ad72127c01dac114c005c83404612b5d,seedling,0.511,0.014,*
c757ad670c5d796cb866c941c62c4e33,seedling,0.51,0.001,***
cfdbb1d32083e33c6de178fd8c5c8987,seedling,0.51,0.004,**
c2c3ae794c30414a7fa5ab6d703c2a2f,seedling,0.505,0.017,*
445c3cdca7472d1d6977591faac87ba7,seedling,0.504,0.003,**
a669eb6ad9a74b0022af57efee724096,seedling,0.503,0.004,**
bd7461ba8631c3336de2e73410fdb26a,seedling,0.5,0.001,***
b5403e3d3e7f5a219e1fbe3cceee2261,seedling,0.498,0.042,*
25cb02fb17426d878afd69a79572b858,seedling,0.497,0.001,***
8091dbdd5a2c2e3b93f49fa03eb13433,seedling,0.496,0.014,*
b8da0fd4499de258a33a89564f161140,seedling,0.494,0.01,**
8242bdc34d886e91f4b5186df4c13cc3,seedling,0.494,0.001,***
36e31371eb1ad17d4cdc37bd7cda2d41,seedling,0.492,0.002,**
3a243c419f242f78d33de701e1c590d0,seedling,0.491,0.022,*
ea1147f3c65c1b55820559bebf01bb32,seedling,0.488,0.044,*
68e3bbe1d66df04b0b9e842c4a12e782,seedling,0.488,0.005,**
e82d84fea5d22641f2c82d8237cf3052,seedling,0.487,0.014,*
6e4e1d3b5e5ec64ab6b23fbb2fb84b8a,seedling,0.482,0.008,**
68b29ac5b40c2efa3d5c84a92c3474cd,seedling,0.482,0.025,*
1253c7a4636562f33ebc360882fa65da,seedling,0.481,0.011,*
15df1f00c2375db0db200edbccb0f9c7,seedling,0.48,0.005,**
e1102fef6bf74d13ffd080ce240de02b,seedling,0.48,0.029,*
20b6cb22d0f2165dc2daf2a80c59db85,seedling,0.477,0.009,**
71c3e847cedfc3f351199ee0ab079096,seedling,0.477,0.007,**
620bf7844b0119205fe0648856b643a7,seedling,0.477,0.011,*
36d28674d8dce0dbd46ae27205e3242b,seedling,0.476,0.001,***
dfc2113bab3ae3add46424bd69d93ba6,seedling,0.476,0.002,**
6fd05e11fe57bb5ba9fd3b0fdd8b80f1,seedling,0.476,0.006,**
1e063c80249e0b5e5b288193212b803b,seedling,0.472,0.003,**
42e9464e281f53ba8a4f84d59d523431,seedling,0.472,0.002,**
0e11a8e894a8d9a3241d7cd7915570ac,seedling,0.47,0.018,*
25ea460893aae0263a5fd4f1e280c8ec,seedling,0.469,0.024,*
2bce2c03a49a801da9460b2b3b98bc70,seedling,0.466,0.02,*
66aad2f0fbf557ceb0f2a75cf515eac1,seedling,0.463,0.001,***
0cb4f48403e146a315bb918efd0e13bf,seedling,0.461,0.011,*
8ffc964ae9e27ab7654fcb0aaefa33e6,seedling,0.46,0.003,**
fbdae6b02a681d43908e4c69005feb30,seedling,0.458,0.006,**
422a3c019dbe1b529c87ac238b5bafd5,seedling,0.457,0.003,**
e7042f5ab73df71ce0746260c0aa4c96,seedling,0.455,0.013,*
27198c4e32ac45a459e5e8898130563c,seedling,0.455,0.004,**
82b362a510229eaf532822eac015e996,seedling,0.453,0.05,*
5460856c8de7bbaa7674f743b1b4cd61,seedling,0.451,0.008,**
51def17da3164571ad4621bfb2a010df,seedling,0.447,0.002,**
2c87d01f359e7d77cbdf931e0868986a,seedling,0.441,0.005,**
84de90723a2aaba11e2b6d87d1d6f19d,seedling,0.439,0.006,**
4869379a1d315c0d2c7b37f461d8dd21,seedling,0.438,0.034,*
8a6446b1518607539c03ad58dc55f9ae,seedling,0.436,0.031,*
a94e960109b177823f94ff972015562f,seedling,0.427,0.004,**
803d30b86a623f88c31256fc44310dc6,seedling,0.425,0.004,**
68262884f1021c896f8e1bf7348d773c,seedling,0.425,0.003,**
bfcc7e237fe6a77b523dd9d3b03098b2,seedling,0.421,0.026,*
c71ca501dbdb10eeb44907d9e446043f,seedling,0.42,0.038,*
29159fffca8d2829530f43e2198926dc,seedling,0.419,0.05,*
861c357388b498ed9ef7ef6440b4dffa,seedling,0.41,0.015,*
f97207d1aa39221c3cf326e73fbb9480,seedling,0.409,0.011,*
3abea7a304e461351b7de2cfc4b65846,seedling,0.408,0.002,**
d88a5525b4f7aa8b87866007457a32d7,seedling,0.408,0.008,**
50fb93dad525b440dc193bc631872eba,seedling,0.4,0.011,*
75f82053e15126a9ac3e49fad6e878e6,seedling,0.399,0.003,**
ab35b74a270a708f39f71df6bed23d0a,seedling,0.393,0.012,*
6376ea6dab7d0fde3cd66f53b57e1484,seedling,0.392,0.033,*
113e5cb2dbb0b2086e230fc9d845310f,seedling,0.382,0.016,*
e843797d795481112bb6f500ebb0f694,seedling,0.373,0.05,*
12685c5c242962f0158f7f5098b40221,seedling,0.37,0.046,*
3bc20d635505cc7a9611e69b76c8b42e,seedling,0.367,0.041,*
69d8fd736b015d0276d210704fd7f058,seedling,0.366,0.013,*
30727f683f4b81192fa378c62a00feae,seedling,0.365,0.012,*
ad4d0a7a1fd983524d5086381f1702e5,seedling,0.365,0.005,**
c93010ec80b60963dcf9274e964ada4b,seedling,0.365,0.007,**
6365456fdba80c66d25ee6b8d80701bb,seedling,0.365,0.02,*
ac30f9ae73331c56bbe8d77eca86a3d0,seedling,0.361,0.019,*
4f0bcb566d5806787c0731883155a7c7,seedling,0.354,0.026,*
a043e218466b09e2d61c8f7419cd192d,seedling,0.35,0.028,*
9f775e92b88a1437af90dc4a544e7a5f,seedling,0.348,0.022,*
a1bd3b129211c59a73b57330ee68f3c2,seedling,0.346,0.037,*
b22ea99deedc2f1093f3078e5398b807,seedling,0.343,0.014,*
1b94537f64287d18fb2164348c4039a5,seedling,0.329,0.028,*
14aefa194bc2967de8f87aa12a2a7729,seedling,0.316,0.046,*
165377c01f99a24a86c58cb1ee1dca15,seedling,0.316,0.037,*
18787d9ba866e4e284e5962ecc72ac1b,seedling,0.316,0.034,*
31246acf119a49914ae2da8d60cf726c,seedling,0.316,0.033,*
3125694452d98013214919bea3df321d,seedling,0.316,0.04,*
494114150bf39406cbff486190d0efab,seedling,0.316,0.04,*
66de80f02f39923ce01c257667c48d55,seedling,0.316,0.035,*
6c0cf6544b34e6d7f76c81f07657cc85,seedling,0.316,0.026,*
82f44e2341024234e6953c827ea65b97,seedling,0.316,0.044,*
87b135d71c4bdd21efd10a610b856b88,seedling,0.316,0.039,*
9a616b3f5de605bdfeed11669fa7d653,seedling,0.316,0.034,*
cf90aad593a2b22fbe4ae78af9472772,seedling,0.316,0.034,*
f89b41699b0ec9ae96ddd15c028a6b1d,seedling,0.316,0.048,*
9e3d3ec47201836aeeb4ff8997b048bd,seedling,0.316,0.029,*
9f86ba37a5f2e81698ee3062dd98b55a,seedling,0.312,0.05,*
142bc0b8fdda1b1ae53bf39a0a9bea1a,seedling,0.31,0.031,*
f6c0506edaa07c1ee11c47c089fe0030,seedling,0.309,0.044,*